# MAME 0.289 fantjoura: save-state registry, file order
# signature 2cc73cc5
# index	size	count	device	name  (? = no device: timer, stream, global)
0	1	3	:	0/m_brightness
1	8	1	:	0/m_clock_scale
2	1	1	:	0/m_current_brightness
3	4	8	:	0/m_fantjour_dma
4	1	1	:	0/m_flip_screen_x
5	1	1	:	0/m_flip_screen_y
6	4	1	:	0/m_gx_rdport1_3
7	2	2048	:	0/m_gx_spriteram
8	4	1	:	0/m_gx_syncen
9	4	8	:	0/m_gx_tilebanks
10	1	1	:	0/m_gx_wrport1_0
11	1	1	:	0/m_gx_wrport1_1
12	2	1	:	0/m_gx_wrport2
13	4	1	:	0/m_k053247_coreg
14	4	1	:	0/m_k053247_coregshift
15	4	1	:	0/m_k053247_opset
16	4	4	:	0/m_k053247_vrcbk
17	1	1	:	0/m_last_alpha_tile_mix_code
18	4	1	:	0/m_ocblk
19	4	1	:	0/m_oinprion
20	4	1	:	0/m_opri
21	4	1	:	0/m_osinmix
22	4	1	:	0/m_osmixon
23	1	1	:	0/m_prev_pixel_clock
24	2	32	:	0/m_prot_data
25	1	1	:	0/m_sound_ctrl
26	1	1	:	0/m_sound_intck
27	4	1	:	0/m_suspension_active
28	4	1	:	0/m_unscaled_clock
29	4	6	:	0/m_vcblk
30	4	1	:	0/m_vinmix
31	4	1	:	0/m_vmixon
32	8	1	?	?
33	2	1	?	?
34	2	1	?	?
35	2	1	?	?
36	1	1	?	?
37	1	16	?	?
38	4	1	?	?
39	2	1	?	?
40	2	1	?	?
41	2	1	?	?
42	1	1	?	?
43	8	1	:k054338	0/m_clock_scale
44	2	32	:k054338	0/m_regs
45	4	9	:k054338	0/m_shd_rgb
46	4	1	:k054338	0/m_unscaled_clock
47	4	1	:k054539_1	0/m_bank_count
48	8	1	:k054539_1	0/m_clock_scale
49	4	1	:k054539_1	0/m_cur_bank
50	4	1	:k054539_1	0/m_cur_ptr
51	4	1	:k054539_1	0/m_flags
52	8	8	:k054539_1	0/m_gain
53	8	15	:k054539_1	0/m_pantab
54	1	24	:k054539_1	0/m_posreg_latch
55	1	32768	:k054539_1	0/m_ram
56	1	560	:k054539_1	0/m_regs
57	4	1	:k054539_1	0/m_reverb_pos
58	4	1	:k054539_1	0/m_rom_addr
59	4	1	:k054539_1	0/m_timer_state
60	4	1	:k054539_1	0/m_unscaled_clock
61	8	256	:k054539_1	0/m_voltab
62	4	1	:k054539_2	0/m_bank_count
63	8	1	:k054539_2	0/m_clock_scale
64	4	1	:k054539_2	0/m_cur_bank
65	4	1	:k054539_2	0/m_cur_ptr
66	4	1	:k054539_2	0/m_flags
67	8	8	:k054539_2	0/m_gain
68	8	15	:k054539_2	0/m_pantab
69	1	24	:k054539_2	0/m_posreg_latch
70	1	32768	:k054539_2	0/m_ram
71	1	560	:k054539_2	0/m_regs
72	4	1	:k054539_2	0/m_reverb_pos
73	4	1	:k054539_2	0/m_rom_addr
74	4	1	:k054539_2	0/m_timer_state
75	4	1	:k054539_2	0/m_unscaled_clock
76	8	256	:k054539_2	0/m_voltab
77	8	1	:k055555	0/m_clock_scale
78	1	128	:k055555	0/m_regs
79	4	1	:k055555	0/m_unscaled_clock
80	8	1	:k055673	0/m_clock_scale
81	1	8	:k055673	0/m_kx46_regs
82	2	16	:k055673	0/m_kx47_regs
83	1	1	:k055673	0/m_objcha_line
84	2	8192	:k055673	0/m_ram
85	4	1	:k055673	0/m_unscaled_clock
86	8	1	:k056800	0/m_clock_scale
87	1	4	:k056800	0/m_host_to_snd_regs
88	1	1	:k056800	0/m_int_enabled
89	1	1	:k056800	0/m_int_pending
90	1	2	:k056800	0/m_snd_to_host_regs
91	4	1	:k056800	0/m_unscaled_clock
92	4	1	:k056832	0/m_active_layer
93	1	16	:k056832	0/m_all_lines_dirty
94	8	1	:k056832	0/m_clock_scale
95	4	1	:k056832	0/m_cur_gfx_banks
96	4	1	:k056832	0/m_cur_tile_bank
97	4	1	:k056832	0/m_default_layer_association
98	4	8	:k056832	0/m_dx
99	4	8	:k056832	0/m_dy
100	4	8	:k056832	0/m_h
101	4	16	:k056832	0/m_last_colorbase
102	4	16	:k056832	0/m_layer_assoc_with_page
103	4	1	:k056832	0/m_layer_association
104	4	16	:k056832	0/m_layer_offs
105	1	8	:k056832	0/m_layer_tile_mode
106	4	128	:k056832	0/m_line_dirty
107	1	1	:k056832	0/m_linemap_enabled
108	4	16	:k056832	0/m_lsram_page
109	1	16	:k056832	0/m_page_tile_mode
110	2	32	:k056832	0/m_regs
111	2	4	:k056832	0/m_regsb
112	4	1	:k056832	0/m_rom_half
113	4	1	:k056832	0/m_unscaled_clock
114	1	1	:k056832	0/m_use_ext_linescroll
115	1	1	:k056832	0/m_uses_tile_banks
116	2	69632	:k056832	0/m_videoram
117	4	8	:k056832	0/m_w
118	4	8	:k056832	0/m_x
119	4	8	:k056832	0/m_y
120	2	1	:soundcpu	0/m_alub
121	2	1	:soundcpu	0/m_alue
122	2	1	:soundcpu	0/m_aluo
123	4	1	:soundcpu	0/m_aob
124	4	1	:soundcpu	0/m_at
125	4	1	:soundcpu	0/m_au
126	2	1	:soundcpu	0/m_base_ssw
127	4	1	:soundcpu	0/m_bcount
128	8	1	:soundcpu	0/m_clock_scale
129	4	1	:soundcpu	0/m_count_before_instruction_step
130	4	17	:soundcpu	0/m_da
131	2	1	:soundcpu	0/m_dbin
132	2	1	:soundcpu	0/m_dbout
133	1	1	:soundcpu	0/m_dcr
134	4	1	:soundcpu	0/m_dt
135	1	1	:soundcpu	0/m_eatcycles
136	2	1	:soundcpu	0/m_edb
137	2	1	:soundcpu	0/m_ftu
138	1	67	:soundcpu	0/m_input.m_curstate
139	4	67	:soundcpu	0/m_input.m_curvector
140	4	67	:soundcpu	0/m_input.m_stored_vector
141	2	1	:soundcpu	0/m_inst_state
142	2	1	:soundcpu	0/m_inst_substate
143	4	1	:soundcpu	0/m_int_level
144	4	1	:soundcpu	0/m_int_next_state
145	4	1	:soundcpu	0/m_int_vector
146	4	1	:soundcpu	0/m_ipc
147	2	1	:soundcpu	0/m_ir
148	2	1	:soundcpu	0/m_irc
149	2	1	:soundcpu	0/m_ird
150	2	1	:soundcpu	0/m_irdi
151	2	1	:soundcpu	0/m_isr
152	8	1	:soundcpu	0/m_last_vpa_time
153	8	1	:soundcpu	0/m_localtime.attoseconds
154	4	1	:soundcpu	0/m_localtime.seconds
155	2	1	:soundcpu	0/m_movemr
156	4	1	:soundcpu	0/m_movems
157	2	1	:soundcpu	0/m_new_sr
158	4	1	:soundcpu	0/m_next_state
159	1	1	:soundcpu	0/m_nexteatcycles
160	4	1	:soundcpu	0/m_nextsuspend
161	4	1	:soundcpu	0/m_nmi_pending
162	1	1	:soundcpu	0/m_nmi_uses_generic
163	4	1	:soundcpu	0/m_pc
164	4	1	:soundcpu	0/m_post_run
165	4	1	:soundcpu	0/m_post_run_cycles
166	4	1	:soundcpu	0/m_sp
167	2	1	:soundcpu	0/m_sr
168	2	1	:soundcpu	0/m_ssw
169	4	1	:soundcpu	0/m_suspend
170	4	1	:soundcpu	0/m_t
171	8	1	:soundcpu	0/m_totalcycles
172	4	1	:soundcpu	0/m_trigger
173	4	1	:soundcpu	0/m_unscaled_clock
174	4	1	:soundcpu	0/m_virq_state
175	4	16	:maincpu	0/REG_D()
176	4	1	:maincpu	0/REG_ISP()
177	4	1	:maincpu	0/REG_MSP()
178	4	1	:maincpu	0/REG_USP()
179	4	1	:maincpu	0/m_caar
180	4	1	:maincpu	0/m_cacr
181	1	1	:maincpu	0/m_can_instruction_restart
182	8	1	:maincpu	0/m_clock_scale
183	4	1	:maincpu	0/m_dfc
184	1	1	:maincpu	0/m_eatcycles
185	1	1	:maincpu	0/m_emmu_enabled
186	4	1	:maincpu	0/m_fpcr
187	4	1	:maincpu	0/m_fpiar
188	2	8	:maincpu	0/m_fpr.signExp
189	8	8	:maincpu	0/m_fpr.signif
190	4	1	:maincpu	0/m_fpsr
191	1	1	:maincpu	0/m_fpu_just_reset
192	1	1	:maincpu	0/m_has_hmmu
193	1	1	:maincpu	0/m_has_pmmu
194	4	1	:maincpu	0/m_hmmu_enabled
195	1	67	:maincpu	0/m_input.m_curstate
196	4	67	:maincpu	0/m_input.m_curvector
197	4	67	:maincpu	0/m_input.m_stored_vector
198	4	1	:maincpu	0/m_int_level
199	8	1	:maincpu	0/m_localtime.attoseconds
200	4	1	:maincpu	0/m_localtime.seconds
201	4	1	:maincpu	0/m_mmu_acr0
202	4	1	:maincpu	0/m_mmu_acr1
203	4	1	:maincpu	0/m_mmu_acr2
204	4	1	:maincpu	0/m_mmu_acr3
205	4	22	:maincpu	0/m_mmu_atc_data
206	4	1	:maincpu	0/m_mmu_atc_rr
207	4	22	:maincpu	0/m_mmu_atc_tag
208	4	1	:maincpu	0/m_mmu_crp_aptr
209	4	1	:maincpu	0/m_mmu_crp_limit
210	4	1	:maincpu	0/m_mmu_dtt0
211	4	1	:maincpu	0/m_mmu_dtt1
212	4	1	:maincpu	0/m_mmu_itt0
213	4	1	:maincpu	0/m_mmu_itt1
214	4	1	:maincpu	0/m_mmu_last_page_entry
215	4	1	:maincpu	0/m_mmu_last_page_entry_addr
216	2	1	:maincpu	0/m_mmu_sr
217	4	1	:maincpu	0/m_mmu_sr_040
218	4	1	:maincpu	0/m_mmu_srp_aptr
219	4	1	:maincpu	0/m_mmu_srp_limit
220	4	1	:maincpu	0/m_mmu_tc
221	4	1	:maincpu	0/m_mmu_tt0
222	4	1	:maincpu	0/m_mmu_tt1
223	4	1	:maincpu	0/m_mmu_urp_aptr
224	1	1	:maincpu	0/m_nexteatcycles
225	4	1	:maincpu	0/m_nextsuspend
226	4	1	:maincpu	0/m_nmi_pending
227	4	1	:maincpu	0/m_pc
228	1	1	:maincpu	0/m_pmmu_enabled
229	4	1	:maincpu	0/m_ppc
230	4	1	:maincpu	0/m_pref_addr
231	4	1	:maincpu	0/m_pref_data
232	4	1	:maincpu	0/m_reset_cycles
233	1	1	:maincpu	0/m_restart_instruction
234	1	1	:maincpu	0/m_save_halted
235	2	1	:maincpu	0/m_save_sr
236	1	1	:maincpu	0/m_save_stopped
237	4	1	:maincpu	0/m_sfc
238	4	1	:maincpu	0/m_suspend
239	8	1	:maincpu	0/m_totalcycles
240	4	1	:maincpu	0/m_trigger
241	4	1	:maincpu	0/m_unscaled_clock
242	4	1	:maincpu	0/m_vbr
243	4	1	:maincpu	0/m_virq_state
244	4	1	:eeprom	0/m_address
245	4	1	:eeprom	0/m_bits_accum
246	1	1	:eeprom	0/m_clk_state
247	8	1	:eeprom	0/m_clock_scale
248	1	1	:eeprom	0/m_command
249	4	1	:eeprom	0/m_command_address_accum
250	8	1	:eeprom	0/m_completion_time.attoseconds
251	4	1	:eeprom	0/m_completion_time.seconds
252	1	1	:eeprom	0/m_cs_state
253	1	128	:eeprom	0/m_data
254	1	1	:eeprom	0/m_di_state
255	8	1	:eeprom	0/m_last_cs_rising_edge_time.attoseconds
256	4	1	:eeprom	0/m_last_cs_rising_edge_time.seconds
257	1	1	:eeprom	0/m_locked
258	1	1	:eeprom	0/m_oe_state
259	4	1	:eeprom	0/m_shift_register
260	1	1	:eeprom	0/m_state
261	4	1	:eeprom	0/m_unscaled_clock
262	8	1	:speaker	0/m_clock_scale
263	4	1	:speaker	0/m_unscaled_clock
264	4	1	:dasp	0/aacc
265	1	1	:dasp	0/allow_update
266	1	1	:dasp	0/ba0
267	1	1	:dasp	0/ba1
268	1	1	:dasp	0/ca
269	4	256	:dasp	0/cmem
270	4	1	:dasp	0/creg
271	4	256	:dasp	0/dmem0
272	4	32	:dasp	0/dmem1
273	1	1	:dasp	0/hidx
274	1	4	:dasp	0/host
275	1	1	:dasp	0/id
276	8	1	:dasp	0/m_clock_scale
277	1	1	:dasp	0/m_eatcycles
278	1	67	:dasp	0/m_input.m_curstate
279	4	67	:dasp	0/m_input.m_curvector
280	4	67	:dasp	0/m_input.m_stored_vector
281	8	1	:dasp	0/m_localtime.attoseconds
282	4	1	:dasp	0/m_localtime.seconds
283	1	1	:dasp	0/m_nexteatcycles
284	4	1	:dasp	0/m_nextsuspend
285	4	1	:dasp	0/m_suspend
286	8	1	:dasp	0/m_totalcycles
287	4	1	:dasp	0/m_trigger
288	4	1	:dasp	0/m_unscaled_clock
289	8	1	:dasp	0/macc
290	8	1	:dasp	0/macc_read
291	8	1	:dasp	0/macc_write
292	1	1	:dasp	0/pc
293	1	1	:dasp	0/rptc
294	1	1	:dasp	0/rptc_next
295	1	1	:dasp	0/sa
296	4	4	:dasp	0/si
297	4	4	:dasp	0/so
298	4	1	:dasp	0/st0
299	4	1	:dasp	0/st1
300	4	1	:dasp	0/sti
301	4	1	:dasp	0/txrd
302	4	16	:dasp	0/update
303	1	1	:dasp	0/update_counter_head
304	1	1	:dasp	0/update_counter_tail
305	4	1	:dasp	0/xba
306	4	1	:dasp	0/xm_adr
307	4	1	:dasp	0/xoa
308	4	1	:dasp	0/xrd
309	4	1	:dasp	0/xwr
310	1	1	:screen	0/m_brightness
311	8	1	:screen	0/m_clock_scale
312	8	1	:screen	0/m_frame_number
313	8	1	:screen	0/m_frame_period
314	4	1	:screen	0/m_height
315	8	1	:screen	0/m_last_partial_reset.attoseconds
316	4	1	:screen	0/m_last_partial_reset.seconds
317	4	1	:screen	0/m_last_partial_scan
318	8	1	:screen	0/m_pixeltime
319	8	1	:screen	0/m_scantime
320	4	1	:screen	0/m_unscaled_clock
321	8	1	:screen	0/m_vblank_end_time.attoseconds
322	4	1	:screen	0/m_vblank_end_time.seconds
323	8	1	:screen	0/m_vblank_period
324	8	1	:screen	0/m_vblank_start_time.attoseconds
325	4	1	:screen	0/m_vblank_start_time.seconds
326	4	1	:screen	0/m_visarea.max_x
327	4	1	:screen	0/m_visarea.max_y
328	4	1	:screen	0/m_visarea.min_x
329	4	1	:screen	0/m_visarea.min_y
330	4	1	:screen	0/m_width
331	8	1	?	?
332	4	1	?	?
333	4	8	?	?
334	4	8	?	?
335	4	1	?	?
336	8	1	?	?
337	4	1	?	?
338	4	8	?	?
339	4	1	?	?
340	4	256	:dasp	0/0-ff
341	1	262144	:dasp	1/0-3ffff
342	4	1	?	?
343	4	1	?	?
344	4	8192	:maincpu	0/:palette
345	4	32768	:maincpu	0/:workram
346	2	32768	:soundcpu	0/100000-10ffff
347	4	1	:	0/save_data
348	8	1	:palette	0/m_clock_scale
349	8	1	:palette	0/m_highlight_factor
350	4	8192	:palette	0/m_save_contrast
351	4	8192	:palette	0/m_save_pen
352	8	1	:palette	0/m_shadow_factor
353	4	1	:palette	0/m_shadow_mode
354	4	1	:palette	0/m_unscaled_clock
355	4	48000	?	?
356	4	1	?	?
357	4	1	?	?
358	8	1	?	?
359	4	1	?	?
360	4	48000	?	?
361	4	48000	?	?
362	4	48000	?	?
363	4	1	?	?
364	4	1	?	?
365	8	1	?	?
366	4	1	?	?
367	4	48000	?	?
368	4	1	?	?
369	4	1	?	?
370	8	1	?	?
371	4	1	?	?
372	4	48000	?	?
373	4	48000	?	?
374	4	1	?	?
375	4	1	?	?
376	8	1	?	?
377	4	1	?	?
378	4	48000	?	?
379	4	4	?	?
380	4	4	?	?
381	4	1	?	?
382	8	1	?	?
383	4	1	?	?
384	4	1	?	?
385	4	1	?	?
386	4	1	?	?
387	4	1	?	?
388	4	2	?	?
389	4	1	?	?
390	8	1	?	?
391	4	1	?	?
392	4	1	?	?
393	4	1	?	?
394	4	1	?	?
395	4	1	?	?
396	4	1	?	?
397	4	1	?	?
398	4	1	?	?
399	4	1	?	?
400	4	2	?	?
401	4	1	?	?
402	8	1	?	?
403	4	1	?	?
404	4	2	?	?
405	4	1	?	?
406	8	1	?	?
407	4	1	?	?
408	1	1	?	?
409	4	512	?	?
410	4	1	?	?
411	4	1	?	?
412	4	1	?	?
413	4	1	?	?
414	1	1	?	?
415	4	1	?	?
416	4	256	?	?
417	4	1	?	?
418	4	1	?	?
419	1	1	?	?
420	4	512	?	?
421	4	1	?	?
422	4	1	?	?
423	4	1	?	?
424	4	1	?	?
425	1	1	?	?
426	4	1	?	?
427	4	256	?	?
428	4	1	?	?
429	4	1	?	?
430	1	1	?	?
431	4	512	?	?
432	4	1	?	?
433	4	1	?	?
434	4	1	?	?
435	4	1	?	?
436	1	1	?	?
437	4	1	?	?
438	4	256	?	?
439	4	1	?	?
440	4	1	?	?
441	1	1	?	?
442	4	512	?	?
443	4	1	?	?
444	4	1	?	?
445	4	1	?	?
446	4	1	?	?
447	1	1	?	?
448	4	1	?	?
449	4	256	?	?
450	4	1	?	?
451	4	1	?	?
452	1	1	?	?
453	4	512	?	?
454	4	1	?	?
455	4	1	?	?
456	4	1	?	?
457	4	1	?	?
458	1	1	?	?
459	4	1	?	?
460	4	256	?	?
461	4	1	?	?
462	4	1	?	?
463	1	1	?	?
464	4	512	?	?
465	4	1	?	?
466	4	1	?	?
467	4	1	?	?
468	4	1	?	?
469	1	1	?	?
470	4	1	?	?
471	4	256	?	?
472	4	1	?	?
473	4	1	?	?
474	1	1	?	?
475	4	512	?	?
476	4	1	?	?
477	4	1	?	?
478	4	1	?	?
479	4	1	?	?
480	1	1	?	?
481	4	1	?	?
482	4	256	?	?
483	4	1	?	?
484	4	1	?	?
485	1	1	?	?
486	4	512	?	?
487	4	1	?	?
488	4	1	?	?
489	4	1	?	?
490	4	1	?	?
491	1	1	?	?
492	4	1	?	?
493	4	256	?	?
494	4	1	?	?
495	4	1	?	?
496	1	1	?	?
497	4	512	?	?
498	4	1	?	?
499	4	1	?	?
500	4	1	?	?
501	4	1	?	?
502	1	1	?	?
503	4	1	?	?
504	4	256	?	?
505	4	1	?	?
506	4	1	?	?
507	1	1	?	?
508	4	512	?	?
509	4	1	?	?
510	4	1	?	?
511	4	1	?	?
512	4	1	?	?
513	1	1	?	?
514	4	1	?	?
515	4	256	?	?
516	4	1	?	?
517	4	1	?	?
518	1	1	?	?
519	4	512	?	?
520	4	1	?	?
521	4	1	?	?
522	4	1	?	?
523	4	1	?	?
524	1	1	?	?
525	4	1	?	?
526	4	256	?	?
527	4	1	?	?
528	4	1	?	?
529	1	1	?	?
530	4	512	?	?
531	4	1	?	?
532	4	1	?	?
533	4	1	?	?
534	4	1	?	?
535	1	1	?	?
536	4	1	?	?
537	4	256	?	?
538	4	1	?	?
539	4	1	?	?
540	1	1	?	?
541	4	512	?	?
542	4	1	?	?
543	4	1	?	?
544	4	1	?	?
545	4	1	?	?
546	1	1	?	?
547	4	1	?	?
548	4	256	?	?
549	4	1	?	?
550	4	1	?	?
551	1	1	?	?
552	4	512	?	?
553	4	1	?	?
554	4	1	?	?
555	4	1	?	?
556	4	1	?	?
557	1	1	?	?
558	4	1	?	?
559	4	256	?	?
560	4	1	?	?
561	4	1	?	?
562	1	1	?	?
563	4	512	?	?
564	4	1	?	?
565	4	1	?	?
566	4	1	?	?
567	4	1	?	?
568	1	1	?	?
569	4	1	?	?
570	4	256	?	?
571	4	1	?	?
572	4	1	?	?
573	1	1	?	?
574	4	512	?	?
575	4	1	?	?
576	4	1	?	?
577	4	1	?	?
578	4	1	?	?
579	1	1	?	?
580	4	1	?	?
581	4	256	?	?
582	4	1	?	?
583	4	1	?	?
584	1	1	?	?
585	8	1	?	?
586	4	1	?	?
587	4	1	?	?
588	4	1	?	?
589	8	1	?	?
590	4	1	?	?
591	8	1	?	?
592	4	1	?	?
593	1	1	?	?
594	8	1	?	?
595	4	1	?	?
596	4	1	?	?
597	4	1	?	?
598	8	1	?	?
599	4	1	?	?
600	8	1	?	?
601	4	1	?	?
602	1	1	?	?
603	8	1	?	?
604	4	1	?	?
605	4	1	?	?
606	4	1	?	?
607	8	1	?	?
608	4	1	?	?
609	8	1	?	?
610	4	1	?	?
611	1	1	?	?
612	8	1	?	?
613	4	1	?	?
614	4	1	?	?
615	4	1	?	?
616	8	1	?	?
617	4	1	?	?
618	8	1	?	?
619	4	1	?	?
620	1	1	?	?
621	8	1	?	?
622	4	1	?	?
623	4	1	?	?
624	4	1	?	?
625	8	1	?	?
626	4	1	?	?
627	8	1	?	?
628	4	1	?	?
629	1	1	?	?
630	8	1	?	?
631	4	1	?	?
632	4	1	?	?
633	4	1	?	?
634	8	1	?	?
635	4	1	?	?
636	8	1	?	?
637	4	1	?	?
638	1	1	?	?
639	8	1	?	?
640	4	1	?	?
641	4	1	?	?
642	4	1	?	?
643	8	1	?	?
644	4	1	?	?
645	8	1	?	?
646	4	1	?	?
647	1	1	?	?
648	8	1	?	?
649	4	1	?	?
650	4	1	?	?
651	4	1	?	?
652	8	1	?	?
653	4	1	?	?
654	8	1	?	?
655	4	1	?	?
656	1	1	?	?
657	8	1	?	?
658	4	1	?	?
659	4	1	?	?
660	4	1	?	?
661	8	1	?	?
662	4	1	?	?
663	8	1	?	?
664	4	1	?	?
665	1	1	?	?
666	8	1	?	?
667	4	1	?	?
668	4	1	?	?
669	4	1	?	?
670	8	1	?	?
671	4	1	?	?
672	8	1	?	?
673	4	1	?	?
674	1	1	?	?
675	8	1	?	?
676	4	1	?	?
677	4	1	?	?
678	4	1	?	?
679	8	1	?	?
680	4	1	?	?
681	8	1	?	?
682	4	1	?	?
683	1	1	?	?
684	8	1	?	?
685	4	1	?	?
686	4	1	?	?
687	4	1	?	?
688	8	1	?	?
689	4	1	?	?
690	8	1	?	?
691	4	1	?	?
692	1	1	?	?
693	8	1	?	?
694	4	1	?	?
695	4	1	?	?
696	4	1	?	?
697	8	1	?	?
698	4	1	?	?
699	8	1	?	?
700	4	1	?	?
701	1	1	?	?
702	8	1	?	?
703	4	1	?	?
704	4	1	?	?
705	4	1	?	?
706	8	1	?	?
707	4	1	?	?
708	8	1	?	?
709	4	1	?	?
710	1	1	?	?
711	8	1	?	?
712	4	1	?	?
713	4	1	?	?
714	4	1	?	?
715	8	1	?	?
716	4	1	?	?
717	8	1	?	?
718	4	1	?	?
719	1	1	?	?
720	8	1	?	?
721	4	1	?	?
722	4	1	?	?
723	4	1	?	?
724	8	1	?	?
725	4	1	?	?
726	8	1	?	?
727	4	1	?	?
728	1	1	?	?
729	8	1	?	?
730	4	1	?	?
731	4	1	?	?
732	4	1	?	?
733	8	1	?	?
734	4	1	?	?
735	8	1	?	?
736	4	1	?	?
737	1	1	?	?
738	8	1	?	?
739	4	1	?	?
740	4	1	?	?
741	4	1	?	?
742	8	1	?	?
743	4	1	?	?
744	8	1	?	?
745	4	1	?	?
746	1	1	?	?
747	8	1	?	?
748	4	1	?	?
749	4	1	?	?
750	4	1	?	?
751	8	1	?	?
752	4	1	?	?
753	8	1	?	?
754	4	1	?	?
755	1	1	?	?
756	8	1	?	?
757	4	1	?	?
758	4	1	?	?
759	4	1	?	?
760	8	1	?	?
761	4	1	?	?
762	8	1	?	?
763	4	1	?	?
764	1	1	?	?
765	8	1	?	?
766	4	1	?	?
767	4	1	?	?
768	4	1	?	?
769	8	1	?	?
770	4	1	?	?
771	8	1	?	?
772	4	1	?	?
773	1	1	?	?
774	8	1	?	?
775	4	1	?	?
776	4	1	?	?
777	4	1	?	?
778	8	1	?	?
779	4	1	?	?
780	8	1	?	?
781	4	1	?	?
782	1	1	?	?
783	8	1	?	?
784	4	1	?	?
785	4	1	?	?
786	4	1	?	?
787	8	1	?	?
788	4	1	?	?
789	8	1	?	?
790	4	1	?	?
791	1	1	?	?
792	8	1	?	?
793	4	1	?	?
794	4	1	?	?
795	4	1	?	?
796	8	1	?	?
797	4	1	?	?
798	8	1	?	?
799	4	1	?	?
800	1	1	?	?
801	8	1	?	?
802	4	1	?	?
803	4	1	?	?
804	4	1	?	?
805	8	1	?	?
806	4	1	?	?
807	8	1	?	?
808	4	1	?	?
809	1	1	?	?
810	8	1	?	?
811	4	1	?	?
812	4	1	?	?
813	4	1	?	?
814	8	1	?	?
815	4	1	?	?
816	8	1	?	?
817	4	1	?	?
818	1	1	?	?
819	8	1	?	?
820	4	1	?	?
821	4	1	?	?
822	4	1	?	?
823	8	1	?	?
824	4	1	?	?
825	8	1	?	?
826	4	1	?	?
827	1	1	?	?
828	8	1	?	?
829	4	1	?	?
830	4	1	?	?
831	4	1	?	?
832	8	1	?	?
833	4	1	?	?
834	8	1	?	?
835	4	1	?	?
836	1	1	?	?
837	8	1	?	?
838	4	1	?	?
839	4	1	?	?
840	4	1	?	?
841	8	1	?	?
842	4	1	?	?
843	8	1	?	?
844	4	1	?	?
845	1	1	?	?
846	8	1	?	?
847	4	1	?	?
848	4	1	?	?
849	4	1	?	?
850	8	1	?	?
851	4	1	?	?
852	8	1	?	?
853	4	1	?	?
854	1	1	?	?
855	8	1	?	?
856	4	1	?	?
857	4	1	?	?
858	4	1	?	?
859	8	1	?	?
860	4	1	?	?
861	8	1	?	?
862	4	1	?	?
863	1	1	?	?
864	8	1	?	?
865	4	1	?	?
866	4	1	?	?
867	4	1	?	?
868	8	1	?	?
869	4	1	?	?
870	8	1	?	?
871	4	1	?	?
872	1	1	?	?
873	8	1	?	?
874	4	1	?	?
875	4	1	?	?
876	4	1	?	?
877	8	1	?	?
878	4	1	?	?
879	8	1	?	?
880	4	1	?	?
881	1	1	?	?
882	8	1	?	?
883	4	1	?	?
884	4	1	?	?
885	4	1	?	?
886	8	1	?	?
887	4	1	?	?
888	8	1	?	?
889	4	1	?	?
890	1	1	?	?
891	8	1	?	?
892	4	1	?	?
893	4	1	?	?
894	4	1	?	?
895	8	1	?	?
896	4	1	?	?
897	8	1	?	?
898	4	1	?	?
899	1	1	?	?
900	8	1	?	?
901	4	1	?	?
902	4	1	?	?
903	4	1	?	?
904	8	1	?	?
905	4	1	?	?
906	8	1	?	?
907	4	1	?	?
908	1	1	?	?
909	8	1	?	?
910	4	1	?	?
911	4	1	?	?
912	4	1	?	?
913	8	1	?	?
914	4	1	?	?
915	8	1	?	?
916	4	1	?	?
917	1	1	?	?
918	8	1	?	?
919	4	1	?	?
920	4	1	?	?
921	4	1	?	?
922	8	1	?	?
923	4	1	?	?
924	8	1	?	?
925	4	1	?	?
926	1	1	?	?
927	8	1	?	?
928	4	1	?	?
929	4	1	?	?
930	4	1	?	?
931	8	1	?	?
932	4	1	?	?
933	8	1	?	?
934	4	1	?	?
935	1	1	?	?
936	8	1	?	?
937	4	1	?	?
938	4	1	?	?
939	4	1	?	?
940	8	1	?	?
941	4	1	?	?
942	8	1	?	?
943	4	1	?	?
944	1	1	?	?
945	8	1	?	?
946	4	1	?	?
947	4	1	?	?
948	4	1	?	?
949	8	1	?	?
950	4	1	?	?
951	8	1	?	?
952	4	1	?	?
953	1	1	?	?
954	8	1	?	?
955	4	1	?	?
956	4	1	?	?
957	4	1	?	?
958	8	1	?	?
959	4	1	?	?
960	8	1	?	?
961	4	1	?	?
962	1	1	?	?
963	8	1	?	?
964	4	1	?	?
965	4	1	?	?
966	4	1	?	?
967	8	1	?	?
968	4	1	?	?
969	8	1	?	?
970	4	1	?	?
971	1	1	?	?
972	8	1	?	?
973	4	1	?	?
974	4	1	?	?
975	4	1	?	?
976	8	1	?	?
977	4	1	?	?
978	8	1	?	?
979	4	1	?	?
980	1	1	?	?
981	8	1	?	?
982	4	1	?	?
983	4	1	?	?
984	4	1	?	?
985	8	1	?	?
986	4	1	?	?
987	8	1	?	?
988	4	1	?	?
989	1	1	?	?
990	8	1	?	?
991	4	1	?	?
992	4	1	?	?
993	4	1	?	?
994	8	1	?	?
995	4	1	?	?
996	8	1	?	?
997	4	1	?	?
998	1	1	?	?
999	8	1	?	?
1000	4	1	?	?
1001	4	1	?	?
1002	4	1	?	?
1003	8	1	?	?
1004	4	1	?	?
1005	8	1	?	?
1006	4	1	?	?
1007	1	1	?	?
1008	8	1	?	?
1009	4	1	?	?
1010	4	1	?	?
1011	4	1	?	?
1012	8	1	?	?
1013	4	1	?	?
1014	8	1	?	?
1015	4	1	?	?
1016	1	1	?	?
1017	8	1	?	?
1018	4	1	?	?
1019	4	1	?	?
1020	4	1	?	?
1021	8	1	?	?
1022	4	1	?	?
1023	8	1	?	?
1024	4	1	?	?
1025	1	1	?	?
1026	8	1	?	?
1027	4	1	?	?
1028	4	1	?	?
1029	4	1	?	?
1030	8	1	?	?
1031	4	1	?	?
1032	8	1	?	?
1033	4	1	?	?
1034	1	1	?	?
1035	8	1	?	?
1036	4	1	?	?
1037	4	1	?	?
1038	4	1	?	?
1039	8	1	?	?
1040	4	1	?	?
1041	8	1	?	?
1042	4	1	?	?
1043	1	1	?	?
1044	8	1	?	?
1045	4	1	?	?
1046	4	1	?	?
1047	4	1	?	?
1048	8	1	?	?
1049	4	1	?	?
1050	8	1	?	?
1051	4	1	?	?
1052	1	1	?	?
1053	8	1	?	?
1054	4	1	?	?
1055	4	1	?	?
1056	4	1	?	?
1057	8	1	?	?
1058	4	1	?	?
1059	8	1	?	?
1060	4	1	?	?
1061	1	1	?	?
1062	8	1	?	?
1063	4	1	?	?
1064	4	1	?	?
1065	4	1	?	?
1066	8	1	?	?
1067	4	1	?	?
1068	8	1	?	?
1069	4	1	?	?
1070	1	1	?	?
1071	8	1	?	?
1072	4	1	?	?
1073	4	1	?	?
1074	4	1	?	?
1075	8	1	?	?
1076	4	1	?	?
1077	8	1	?	?
1078	4	1	?	?
1079	1	1	?	?
1080	8	1	?	?
1081	4	1	?	?
1082	4	1	?	?
1083	4	1	?	?
1084	8	1	?	?
1085	4	1	?	?
1086	8	1	?	?
1087	4	1	?	?
1088	1	1	?	?
1089	8	1	?	?
1090	4	1	?	?
1091	4	1	?	?
1092	4	1	?	?
1093	8	1	?	?
1094	4	1	?	?
1095	8	1	?	?
1096	4	1	?	?
1097	1	1	?	?
1098	8	1	?	?
1099	4	1	?	?
1100	4	1	?	?
1101	4	1	?	?
1102	8	1	?	?
1103	4	1	?	?
1104	8	1	?	?
1105	4	1	?	?
1106	1	1	?	?
1107	8	1	?	?
1108	4	1	?	?
1109	4	1	?	?
1110	4	1	?	?
1111	8	1	?	?
1112	4	1	?	?
1113	8	1	?	?
1114	4	1	?	?
1115	1	1	?	?
1116	8	1	?	?
1117	4	1	?	?
1118	4	1	?	?
1119	4	1	?	?
1120	8	1	?	?
1121	4	1	?	?
1122	8	1	?	?
1123	4	1	?	?
1124	1	1	?	?
1125	8	1	?	?
1126	4	1	?	?
1127	4	1	?	?
1128	4	1	?	?
1129	8	1	?	?
1130	4	1	?	?
1131	8	1	?	?
1132	4	1	?	?
1133	1	1	?	?
1134	8	1	?	?
1135	4	1	?	?
1136	4	1	?	?
1137	4	1	?	?
1138	8	1	?	?
1139	4	1	?	?
1140	8	1	?	?
1141	4	1	?	?
1142	1	1	?	?
1143	8	1	?	?
1144	4	1	?	?
1145	4	1	?	?
1146	4	1	?	?
1147	8	1	?	?
1148	4	1	?	?
1149	8	1	?	?
1150	4	1	?	?
1151	1	1	?	?
1152	8	1	?	?
1153	4	1	?	?
1154	4	1	?	?
1155	4	1	?	?
1156	8	1	?	?
1157	4	1	?	?
1158	8	1	?	?
1159	4	1	?	?
1160	1	1	?	?
1161	8	1	?	?
1162	4	1	?	?
1163	4	1	?	?
1164	4	1	?	?
1165	8	1	?	?
1166	4	1	?	?
1167	8	1	?	?
1168	4	1	?	?
1169	1	1	?	?
1170	8	1	?	?
1171	4	1	?	?
1172	4	1	?	?
1173	4	1	?	?
1174	8	1	?	?
1175	4	1	?	?
1176	8	1	?	?
1177	4	1	?	?
1178	1	1	?	?
1179	8	1	?	?
1180	4	1	?	?
1181	4	1	?	?
1182	4	1	?	?
1183	8	1	?	?
1184	4	1	?	?
1185	8	1	?	?
1186	4	1	?	?
1187	1	1	?	?
1188	8	1	?	?
1189	4	1	?	?
1190	4	1	?	?
1191	4	1	?	?
1192	8	1	?	?
1193	4	1	?	?
1194	8	1	?	?
1195	4	1	?	?
1196	1	1	?	?
1197	8	1	?	?
1198	4	1	?	?
1199	4	1	?	?
1200	4	1	?	?
1201	8	1	?	?
1202	4	1	?	?
1203	8	1	?	?
1204	4	1	?	?
1205	1	1	?	?
1206	8	1	?	?
1207	4	1	?	?
1208	4	1	?	?
1209	4	1	?	?
1210	8	1	?	?
1211	4	1	?	?
1212	8	1	?	?
1213	4	1	?	?
1214	1	1	?	?
1215	8	1	?	?
1216	4	1	?	?
1217	4	1	?	?
1218	4	1	?	?
1219	8	1	?	?
1220	4	1	?	?
1221	8	1	?	?
1222	4	1	?	?
1223	1	1	?	?
1224	8	1	?	?
1225	4	1	?	?
1226	4	1	?	?
1227	4	1	?	?
1228	8	1	?	?
1229	4	1	?	?
1230	8	1	?	?
1231	4	1	?	?
1232	1	1	?	?
1233	8	1	?	?
1234	4	1	?	?
1235	4	1	?	?
1236	4	1	?	?
1237	8	1	?	?
1238	4	1	?	?
1239	8	1	?	?
1240	4	1	?	?
1241	1	1	?	?
1242	8	1	?	?
1243	4	1	?	?
1244	4	1	?	?
1245	4	1	?	?
1246	8	1	?	?
1247	4	1	?	?
1248	8	1	?	?
1249	4	1	?	?
1250	1	1	?	?
1251	8	1	?	?
1252	4	1	?	?
1253	4	1	?	?
1254	4	1	?	?
1255	8	1	?	?
1256	4	1	?	?
1257	8	1	?	?
1258	4	1	?	?
1259	1	1	?	?
1260	8	1	?	?
1261	4	1	?	?
1262	4	1	?	?
1263	4	1	?	?
1264	8	1	?	?
1265	4	1	?	?
1266	8	1	?	?
1267	4	1	?	?
1268	1	1	?	?
1269	8	1	?	?
1270	4	1	?	?
1271	4	1	?	?
1272	4	1	?	?
1273	8	1	?	?
1274	4	1	?	?
1275	8	1	?	?
1276	4	1	?	?
1277	1	1	?	?
1278	8	1	?	?
1279	4	1	?	?
1280	4	1	?	?
1281	4	1	?	?
1282	8	1	?	?
1283	4	1	?	?
1284	8	1	?	?
1285	4	1	?	?
1286	1	1	?	?
1287	8	1	?	?
1288	4	1	?	?
1289	4	1	?	?
1290	4	1	?	?
1291	8	1	?	?
1292	4	1	?	?
1293	8	1	?	?
1294	4	1	?	?
1295	1	1	?	?
1296	8	1	?	?
1297	4	1	?	?
1298	4	1	?	?
1299	4	1	?	?
1300	8	1	?	?
1301	4	1	?	?
1302	8	1	?	?
1303	4	1	?	?
1304	1	1	?	?
1305	8	1	?	?
1306	4	1	?	?
1307	4	1	?	?
1308	4	1	?	?
1309	8	1	?	?
1310	4	1	?	?
1311	8	1	?	?
1312	4	1	?	?
1313	1	1	?	?
1314	8	1	?	?
1315	4	1	?	?
1316	4	1	?	?
1317	4	1	?	?
1318	8	1	?	?
1319	4	1	?	?
1320	8	1	?	?
1321	4	1	?	?
1322	1	1	?	?
1323	8	1	?	?
1324	4	1	?	?
1325	4	1	?	?
1326	4	1	?	?
1327	8	1	?	?
1328	4	1	?	?
1329	8	1	?	?
1330	4	1	?	?
1331	1	1	?	?
1332	8	1	?	?
1333	4	1	?	?
1334	4	1	?	?
1335	4	1	?	?
1336	8	1	?	?
1337	4	1	?	?
1338	8	1	?	?
1339	4	1	?	?
1340	1	1	?	?
1341	8	1	?	?
1342	4	1	?	?
1343	4	1	?	?
1344	4	1	?	?
1345	8	1	?	?
1346	4	1	?	?
1347	8	1	?	?
1348	4	1	?	?
1349	1	1	?	?
1350	8	1	?	?
1351	4	1	?	?
1352	4	1	?	?
1353	4	1	?	?
1354	8	1	?	?
1355	4	1	?	?
1356	8	1	?	?
1357	4	1	?	?
1358	1	1	?	?
1359	8	1	?	?
1360	4	1	?	?
1361	4	1	?	?
1362	4	1	?	?
1363	8	1	?	?
1364	4	1	?	?
1365	8	1	?	?
1366	4	1	?	?
1367	1	1	?	?
1368	8	1	?	?
1369	4	1	?	?
1370	4	1	?	?
1371	4	1	?	?
1372	8	1	?	?
1373	4	1	?	?
1374	8	1	?	?
1375	4	1	?	?
1376	1	1	?	?
1377	8	1	?	?
1378	4	1	?	?
1379	4	1	?	?
1380	4	1	?	?
1381	8	1	?	?
1382	4	1	?	?
1383	8	1	?	?
1384	4	1	?	?
1385	1	1	?	?
1386	8	1	?	?
1387	4	1	?	?
1388	4	1	?	?
1389	4	1	?	?
1390	8	1	?	?
1391	4	1	?	?
1392	8	1	?	?
1393	4	1	?	?
1394	1	1	?	?
1395	8	1	?	?
1396	4	1	?	?
1397	4	1	?	?
1398	4	1	?	?
1399	8	1	?	?
1400	4	1	?	?
1401	8	1	?	?
1402	4	1	?	?
1403	1	1	?	?
1404	8	1	?	?
1405	4	1	?	?
1406	4	1	?	?
1407	4	1	?	?
1408	8	1	?	?
1409	4	1	?	?
1410	8	1	?	?
1411	4	1	?	?
1412	1	1	?	?
1413	8	1	?	?
1414	4	1	?	?
1415	4	1	?	?
1416	4	1	?	?
1417	8	1	?	?
1418	4	1	?	?
1419	8	1	?	?
1420	4	1	?	?
1421	1	1	?	?
1422	8	1	?	?
1423	4	1	?	?
1424	4	1	?	?
1425	4	1	?	?
1426	8	1	?	?
1427	4	1	?	?
1428	8	1	?	?
1429	4	1	?	?
1430	1	1	?	?
1431	8	1	?	?
1432	4	1	?	?
1433	4	1	?	?
1434	4	1	?	?
1435	8	1	?	?
1436	4	1	?	?
1437	8	1	?	?
1438	4	1	?	?
1439	1	1	?	?
1440	8	1	?	?
1441	4	1	?	?
1442	4	1	?	?
1443	4	1	?	?
1444	8	1	?	?
1445	4	1	?	?
1446	8	1	?	?
1447	4	1	?	?
1448	1	1	?	?
1449	8	1	?	?
1450	4	1	?	?
1451	4	1	?	?
1452	4	1	?	?
1453	8	1	?	?
1454	4	1	?	?
1455	8	1	?	?
1456	4	1	?	?
1457	1	1	?	?
1458	8	1	?	?
1459	4	1	?	?
1460	4	1	?	?
1461	4	1	?	?
1462	8	1	?	?
1463	4	1	?	?
1464	8	1	?	?
1465	4	1	?	?
1466	1	1	?	?
1467	8	1	?	?
1468	4	1	?	?
1469	4	1	?	?
1470	4	1	?	?
1471	8	1	?	?
1472	4	1	?	?
1473	8	1	?	?
1474	4	1	?	?
1475	1	1	?	?
1476	8	1	?	?
1477	4	1	?	?
1478	4	1	?	?
1479	4	1	?	?
1480	8	1	?	?
1481	4	1	?	?
1482	8	1	?	?
1483	4	1	?	?
1484	1	1	?	?
1485	8	1	?	?
1486	4	1	?	?
1487	4	1	?	?
1488	4	1	?	?
1489	8	1	?	?
1490	4	1	?	?
1491	8	1	?	?
1492	4	1	?	?
1493	1	1	?	?
1494	8	1	?	?
1495	4	1	?	?
1496	4	1	?	?
1497	4	1	?	?
1498	8	1	?	?
1499	4	1	?	?
1500	8	1	?	?
1501	4	1	?	?
1502	1	1	?	?
1503	8	1	?	?
1504	4	1	?	?
1505	4	1	?	?
1506	4	1	?	?
1507	8	1	?	?
1508	4	1	?	?
1509	8	1	?	?
1510	4	1	?	?
1511	1	1	?	?
1512	8	1	?	?
1513	4	1	?	?
1514	4	1	?	?
1515	4	1	?	?
1516	8	1	?	?
1517	4	1	?	?
1518	8	1	?	?
1519	4	1	?	?
1520	1	1	?	?
1521	8	1	?	?
1522	4	1	?	?
1523	4	1	?	?
1524	4	1	?	?
1525	8	1	?	?
1526	4	1	?	?
1527	8	1	?	?
1528	4	1	?	?
1529	1	1	?	?
1530	8	1	?	?
1531	4	1	?	?
1532	4	1	?	?
1533	4	1	?	?
1534	8	1	?	?
1535	4	1	?	?
1536	8	1	?	?
1537	4	1	?	?
1538	1	1	?	?
1539	8	1	?	?
1540	4	1	?	?
1541	4	1	?	?
1542	4	1	?	?
1543	8	1	?	?
1544	4	1	?	?
1545	8	1	?	?
1546	4	1	?	?
1547	1	1	?	?
1548	8	1	?	?
1549	4	1	?	?
1550	4	1	?	?
1551	4	1	?	?
1552	8	1	?	?
1553	4	1	?	?
1554	8	1	?	?
1555	4	1	?	?
1556	1	1	?	?
1557	8	1	?	?
1558	4	1	?	?
1559	4	1	?	?
1560	4	1	?	?
1561	8	1	?	?
1562	4	1	?	?
1563	8	1	?	?
1564	4	1	?	?
1565	1	1	?	?
1566	8	1	?	?
1567	4	1	?	?
1568	4	1	?	?
1569	4	1	?	?
1570	8	1	?	?
1571	4	1	?	?
1572	8	1	?	?
1573	4	1	?	?
1574	1	1	?	?
1575	8	1	?	?
1576	4	1	?	?
1577	4	1	?	?
1578	4	1	?	?
1579	8	1	?	?
1580	4	1	?	?
1581	8	1	?	?
1582	4	1	?	?
1583	1	1	?	?
1584	8	1	?	?
1585	4	1	?	?
1586	4	1	?	?
1587	4	1	?	?
1588	8	1	?	?
1589	4	1	?	?
1590	8	1	?	?
1591	4	1	?	?
1592	1	1	?	?
1593	8	1	?	?
1594	4	1	?	?
1595	4	1	?	?
1596	4	1	?	?
1597	8	1	?	?
1598	4	1	?	?
1599	8	1	?	?
1600	4	1	?	?
1601	1	1	?	?
1602	8	1	?	?
1603	4	1	?	?
1604	4	1	?	?
1605	4	1	?	?
1606	8	1	?	?
1607	4	1	?	?
1608	8	1	?	?
1609	4	1	?	?
1610	1	1	?	?
1611	8	1	?	?
1612	4	1	?	?
1613	4	1	?	?
1614	4	1	?	?
1615	8	1	?	?
1616	4	1	?	?
1617	8	1	?	?
1618	4	1	?	?
1619	1	1	?	?
1620	8	1	?	?
1621	4	1	?	?
1622	4	1	?	?
1623	4	1	?	?
1624	8	1	?	?
1625	4	1	?	?
1626	8	1	?	?
1627	4	1	?	?
1628	1	1	?	?
1629	8	1	?	?
1630	4	1	?	?
1631	4	1	?	?
1632	4	1	?	?
1633	8	1	?	?
1634	4	1	?	?
1635	8	1	?	?
1636	4	1	?	?
1637	1	1	?	?
1638	8	1	?	?
1639	4	1	?	?
1640	4	1	?	?
1641	4	1	?	?
1642	8	1	?	?
1643	4	1	?	?
1644	8	1	?	?
1645	4	1	?	?
1646	1	1	?	?
1647	8	1	?	?
1648	4	1	?	?
1649	4	1	?	?
1650	4	1	?	?
1651	8	1	?	?
1652	4	1	?	?
1653	8	1	?	?
1654	4	1	?	?
1655	1	1	?	?
1656	8	1	?	?
1657	4	1	?	?
1658	4	1	?	?
1659	4	1	?	?
1660	8	1	?	?
1661	4	1	?	?
1662	8	1	?	?
1663	4	1	?	?
1664	1	1	?	?
1665	8	1	?	?
1666	4	1	?	?
1667	4	1	?	?
1668	4	1	?	?
1669	8	1	?	?
1670	4	1	?	?
1671	8	1	?	?
1672	4	1	?	?
1673	1	1	?	?
1674	8	1	?	?
1675	4	1	?	?
1676	4	1	?	?
1677	4	1	?	?
1678	8	1	?	?
1679	4	1	?	?
1680	8	1	?	?
1681	4	1	?	?
1682	1	1	?	?
1683	8	1	?	?
1684	4	1	?	?
1685	4	1	?	?
1686	4	1	?	?
1687	8	1	?	?
1688	4	1	?	?
1689	8	1	?	?
1690	4	1	?	?
1691	1	1	?	?
1692	8	1	?	?
1693	4	1	?	?
1694	4	1	?	?
1695	4	1	?	?
1696	8	1	?	?
1697	4	1	?	?
1698	8	1	?	?
1699	4	1	?	?
1700	1	1	?	?
1701	8	1	?	?
1702	4	1	?	?
1703	4	1	?	?
1704	4	1	?	?
1705	8	1	?	?
1706	4	1	?	?
1707	8	1	?	?
1708	4	1	?	?
1709	1	1	?	?
1710	8	1	?	?
1711	4	1	?	?
1712	4	1	?	?
1713	4	1	?	?
1714	8	1	?	?
1715	4	1	?	?
1716	8	1	?	?
1717	4	1	?	?
1718	1	1	?	?
1719	8	1	?	?
1720	4	1	?	?
1721	4	1	?	?
1722	4	1	?	?
1723	8	1	?	?
1724	4	1	?	?
1725	8	1	?	?
1726	4	1	?	?
1727	1	1	?	?
1728	8	1	?	?
1729	4	1	?	?
1730	4	1	?	?
1731	4	1	?	?
1732	8	1	?	?
1733	4	1	?	?
1734	8	1	?	?
1735	4	1	?	?
1736	1	1	?	?
1737	8	1	?	?
1738	4	1	?	?
1739	4	1	?	?
1740	4	1	?	?
1741	8	1	?	?
1742	4	1	?	?
1743	8	1	?	?
1744	4	1	?	?
1745	1	1	?	?
1746	8	1	?	?
1747	4	1	?	?
1748	4	1	?	?
1749	4	1	?	?
1750	8	1	?	?
1751	4	1	?	?
1752	8	1	?	?
1753	4	1	?	?
1754	1	1	?	?
1755	8	1	?	?
1756	4	1	?	?
1757	4	1	?	?
1758	4	1	?	?
1759	8	1	?	?
1760	4	1	?	?
1761	8	1	?	?
1762	4	1	?	?
1763	1	1	?	?
1764	8	1	?	?
1765	4	1	?	?
1766	4	1	?	?
1767	4	1	?	?
1768	8	1	?	?
1769	4	1	?	?
1770	8	1	?	?
1771	4	1	?	?
1772	1	1	?	?
1773	8	1	?	?
1774	4	1	?	?
1775	4	1	?	?
1776	4	1	?	?
1777	8	1	?	?
1778	4	1	?	?
1779	8	1	?	?
1780	4	1	?	?
1781	1	1	?	?
1782	8	1	?	?
1783	4	1	?	?
1784	4	1	?	?
1785	4	1	?	?
1786	8	1	?	?
1787	4	1	?	?
1788	8	1	?	?
1789	4	1	?	?
1790	1	1	?	?
1791	8	1	?	?
1792	4	1	?	?
1793	4	1	?	?
1794	4	1	?	?
1795	8	1	?	?
1796	4	1	?	?
1797	8	1	?	?
1798	4	1	?	?
1799	1	1	?	?
1800	8	1	?	?
1801	4	1	?	?
1802	4	1	?	?
1803	4	1	?	?
1804	8	1	?	?
1805	4	1	?	?
1806	8	1	?	?
1807	4	1	?	?
1808	1	1	?	?
1809	8	1	?	?
1810	4	1	?	?
1811	4	1	?	?
1812	4	1	?	?
1813	8	1	?	?
1814	4	1	?	?
1815	8	1	?	?
1816	4	1	?	?
1817	1	1	?	?
1818	8	1	?	?
1819	4	1	?	?
1820	4	1	?	?
1821	4	1	?	?
1822	8	1	?	?
1823	4	1	?	?
1824	8	1	?	?
1825	4	1	?	?
1826	1	1	?	?
1827	8	1	?	?
1828	4	1	?	?
1829	4	1	?	?
1830	4	1	?	?
1831	8	1	?	?
1832	4	1	?	?
1833	8	1	?	?
1834	4	1	?	?
1835	1	1	?	?
1836	8	1	?	?
1837	4	1	?	?
1838	4	1	?	?
1839	4	1	?	?
1840	8	1	?	?
1841	4	1	?	?
1842	8	1	?	?
1843	4	1	?	?
1844	1	1	?	?
1845	8	1	?	?
1846	4	1	?	?
1847	4	1	?	?
1848	4	1	?	?
1849	8	1	?	?
1850	4	1	?	?
1851	8	1	?	?
1852	4	1	?	?
1853	1	1	?	?
1854	8	1	?	?
1855	4	1	?	?
1856	4	1	?	?
1857	4	1	?	?
1858	8	1	?	?
1859	4	1	?	?
1860	8	1	?	?
1861	4	1	?	?
1862	1	1	?	?
1863	8	1	?	?
1864	4	1	?	?
1865	4	1	?	?
1866	4	1	?	?
1867	8	1	?	?
1868	4	1	?	?
1869	8	1	?	?
1870	4	1	?	?
1871	1	1	?	?
1872	8	1	?	?
1873	4	1	?	?
1874	4	1	?	?
1875	4	1	?	?
1876	8	1	?	?
1877	4	1	?	?
1878	8	1	?	?
1879	4	1	?	?
1880	1	1	?	?
1881	8	1	?	?
1882	4	1	?	?
1883	4	1	?	?
1884	4	1	?	?
1885	8	1	?	?
1886	4	1	?	?
1887	8	1	?	?
1888	4	1	?	?
1889	1	1	?	?
1890	8	1	?	?
1891	4	1	?	?
1892	4	1	?	?
1893	4	1	?	?
1894	8	1	?	?
1895	4	1	?	?
1896	8	1	?	?
1897	4	1	?	?
1898	1	1	?	?
1899	8	1	?	?
1900	4	1	?	?
1901	4	1	?	?
1902	4	1	?	?
1903	8	1	?	?
1904	4	1	?	?
1905	8	1	?	?
1906	4	1	?	?
1907	1	1	?	?
1908	8	1	?	?
1909	4	1	?	?
1910	4	1	?	?
1911	4	1	?	?
1912	8	1	?	?
1913	4	1	?	?
1914	8	1	?	?
1915	4	1	?	?
1916	1	1	?	?
1917	8	1	?	?
1918	4	1	?	?
1919	4	1	?	?
1920	4	1	?	?
1921	8	1	?	?
1922	4	1	?	?
1923	8	1	?	?
1924	4	1	?	?
1925	1	1	?	?
1926	8	1	?	?
1927	4	1	?	?
1928	4	1	?	?
1929	4	1	?	?
1930	8	1	?	?
1931	4	1	?	?
1932	8	1	?	?
1933	4	1	?	?
1934	1	1	?	?
1935	8	1	?	?
1936	4	1	?	?
1937	4	1	?	?
1938	4	1	?	?
1939	8	1	?	?
1940	4	1	?	?
1941	8	1	?	?
1942	4	1	?	?
1943	1	1	?	?
1944	8	1	?	?
1945	4	1	?	?
1946	4	1	?	?
1947	4	1	?	?
1948	8	1	?	?
1949	4	1	?	?
1950	8	1	?	?
1951	4	1	?	?
1952	1	1	?	?
1953	8	1	?	?
1954	4	1	?	?
1955	4	1	?	?
1956	4	1	?	?
1957	8	1	?	?
1958	4	1	?	?
1959	8	1	?	?
1960	4	1	?	?
1961	1	1	?	?
1962	8	1	?	?
1963	4	1	?	?
1964	4	1	?	?
1965	4	1	?	?
1966	8	1	?	?
1967	4	1	?	?
1968	8	1	?	?
1969	4	1	?	?
1970	1	1	?	?
1971	8	1	?	?
1972	4	1	?	?
1973	4	1	?	?
1974	4	1	?	?
1975	8	1	?	?
1976	4	1	?	?
1977	8	1	?	?
1978	4	1	?	?
1979	1	1	?	?
1980	8	1	?	?
1981	4	1	?	?
1982	4	1	?	?
1983	4	1	?	?
1984	8	1	?	?
1985	4	1	?	?
1986	8	1	?	?
1987	4	1	?	?
1988	1	1	?	?
1989	8	1	?	?
1990	4	1	?	?
1991	4	1	?	?
1992	4	1	?	?
1993	8	1	?	?
1994	4	1	?	?
1995	8	1	?	?
1996	4	1	?	?
1997	1	1	?	?
1998	8	1	?	?
1999	4	1	?	?
2000	4	1	?	?
2001	4	1	?	?
2002	8	1	?	?
2003	4	1	?	?
2004	8	1	?	?
2005	4	1	?	?
2006	1	1	?	?
2007	8	1	?	?
2008	4	1	?	?
2009	4	1	?	?
2010	4	1	?	?
2011	8	1	?	?
2012	4	1	?	?
2013	8	1	?	?
2014	4	1	?	?
2015	1	1	?	?
2016	8	1	?	?
2017	4	1	?	?
2018	4	1	?	?
2019	4	1	?	?
2020	8	1	?	?
2021	4	1	?	?
2022	8	1	?	?
2023	4	1	?	?
2024	1	1	?	?
2025	8	1	?	?
2026	4	1	?	?
2027	4	1	?	?
2028	4	1	?	?
2029	8	1	?	?
2030	4	1	?	?
2031	8	1	?	?
2032	4	1	?	?
2033	1	1	?	?
2034	8	1	?	?
2035	4	1	?	?
2036	4	1	?	?
2037	4	1	?	?
2038	8	1	?	?
2039	4	1	?	?
2040	8	1	?	?
2041	4	1	?	?
2042	1	1	?	?
2043	8	1	?	?
2044	4	1	?	?
2045	4	1	?	?
2046	4	1	?	?
2047	8	1	?	?
2048	4	1	?	?
2049	8	1	?	?
2050	4	1	?	?
2051	1	1	?	?
2052	8	1	?	?
2053	4	1	?	?
2054	4	1	?	?
2055	4	1	?	?
2056	8	1	?	?
2057	4	1	?	?
2058	8	1	?	?
2059	4	1	?	?
2060	1	1	?	?
2061	8	1	?	?
2062	4	1	?	?
2063	4	1	?	?
2064	4	1	?	?
2065	8	1	?	?
2066	4	1	?	?
2067	8	1	?	?
2068	4	1	?	?
2069	1	1	?	?
2070	8	1	?	?
2071	4	1	?	?
2072	4	1	?	?
2073	4	1	?	?
2074	8	1	?	?
2075	4	1	?	?
2076	8	1	?	?
2077	4	1	?	?
2078	1	1	?	?
2079	8	1	?	?
2080	4	1	?	?
2081	4	1	?	?
2082	4	1	?	?
2083	8	1	?	?
2084	4	1	?	?
2085	8	1	?	?
2086	4	1	?	?
2087	1	1	?	?
2088	8	1	?	?
2089	4	1	?	?
2090	4	1	?	?
2091	4	1	?	?
2092	8	1	?	?
2093	4	1	?	?
2094	8	1	?	?
2095	4	1	?	?
2096	1	1	?	?
2097	8	1	?	?
2098	4	1	?	?
2099	4	1	?	?
2100	4	1	?	?
2101	8	1	?	?
2102	4	1	?	?
2103	8	1	?	?
2104	4	1	?	?
2105	1	1	?	?
2106	8	1	?	?
2107	4	1	?	?
2108	4	1	?	?
2109	4	1	?	?
2110	8	1	?	?
2111	4	1	?	?
2112	8	1	?	?
2113	4	1	?	?
2114	1	1	?	?
2115	8	1	?	?
2116	4	1	?	?
2117	4	1	?	?
2118	4	1	?	?
2119	8	1	?	?
2120	4	1	?	?
2121	8	1	?	?
2122	4	1	?	?
2123	1	1	?	?
2124	8	1	?	?
2125	4	1	?	?
2126	4	1	?	?
2127	4	1	?	?
2128	8	1	?	?
2129	4	1	?	?
2130	8	1	?	?
2131	4	1	?	?
2132	1	1	?	?
2133	8	1	?	?
2134	4	1	?	?
2135	4	1	?	?
2136	4	1	?	?
2137	8	1	?	?
2138	4	1	?	?
2139	8	1	?	?
2140	4	1	?	?
2141	1	1	?	?
2142	8	1	?	?
2143	4	1	?	?
2144	4	1	?	?
2145	4	1	?	?
2146	8	1	?	?
2147	4	1	?	?
2148	8	1	?	?
2149	4	1	?	?
2150	1	1	?	?
2151	8	1	?	?
2152	4	1	?	?
2153	4	1	?	?
2154	4	1	?	?
2155	8	1	?	?
2156	4	1	?	?
2157	8	1	?	?
2158	4	1	?	?
2159	1	1	?	?
2160	8	1	?	?
2161	4	1	?	?
2162	4	1	?	?
2163	4	1	?	?
2164	8	1	?	?
2165	4	1	?	?
2166	8	1	?	?
2167	4	1	?	?
2168	1	1	?	?
2169	8	1	?	?
2170	4	1	?	?
2171	4	1	?	?
2172	4	1	?	?
2173	8	1	?	?
2174	4	1	?	?
2175	8	1	?	?
2176	4	1	?	?
2177	1	1	?	?
2178	8	1	?	?
2179	4	1	?	?
2180	4	1	?	?
2181	4	1	?	?
2182	8	1	?	?
2183	4	1	?	?
2184	8	1	?	?
2185	4	1	?	?
2186	1	1	?	?
2187	8	1	?	?
2188	4	1	?	?
2189	4	1	?	?
2190	4	1	?	?
2191	8	1	?	?
2192	4	1	?	?
2193	8	1	?	?
2194	4	1	?	?
2195	1	1	?	?
2196	8	1	?	?
2197	4	1	?	?
2198	4	1	?	?
2199	4	1	?	?
2200	8	1	?	?
2201	4	1	?	?
2202	8	1	?	?
2203	4	1	?	?
2204	1	1	?	?
2205	8	1	?	?
2206	4	1	?	?
2207	4	1	?	?
2208	4	1	?	?
2209	8	1	?	?
2210	4	1	?	?
2211	8	1	?	?
2212	4	1	?	?
2213	1	1	?	?
2214	8	1	?	?
2215	4	1	?	?
2216	4	1	?	?
2217	4	1	?	?
2218	8	1	?	?
2219	4	1	?	?
2220	8	1	?	?
2221	4	1	?	?
2222	1	1	?	?
2223	8	1	?	?
2224	4	1	?	?
2225	4	1	?	?
2226	4	1	?	?
2227	8	1	?	?
2228	4	1	?	?
2229	8	1	?	?
2230	4	1	?	?
2231	1	1	?	?
2232	8	1	?	?
2233	4	1	?	?
2234	4	1	?	?
2235	4	1	?	?
2236	8	1	?	?
2237	4	1	?	?
2238	8	1	?	?
2239	4	1	?	?
2240	1	1	?	?
2241	8	1	?	?
2242	4	1	?	?
2243	4	1	?	?
2244	4	1	?	?
2245	8	1	?	?
2246	4	1	?	?
2247	8	1	?	?
2248	4	1	?	?
2249	1	1	?	?
2250	8	1	?	?
2251	4	1	?	?
2252	4	1	?	?
2253	4	1	?	?
2254	8	1	?	?
2255	4	1	?	?
2256	8	1	?	?
2257	4	1	?	?
2258	1	1	?	?
2259	8	1	?	?
2260	4	1	?	?
2261	4	1	?	?
2262	4	1	?	?
2263	8	1	?	?
2264	4	1	?	?
2265	8	1	?	?
2266	4	1	?	?
2267	1	1	?	?
2268	8	1	?	?
2269	4	1	?	?
2270	4	1	?	?
2271	4	1	?	?
2272	8	1	?	?
2273	4	1	?	?
2274	8	1	?	?
2275	4	1	?	?
2276	1	1	?	?
2277	8	1	?	?
2278	4	1	?	?
2279	4	1	?	?
2280	4	1	?	?
2281	8	1	?	?
2282	4	1	?	?
2283	8	1	?	?
2284	4	1	?	?
2285	1	1	?	?
2286	8	1	?	?
2287	4	1	?	?
2288	4	1	?	?
2289	4	1	?	?
2290	8	1	?	?
2291	4	1	?	?
2292	8	1	?	?
2293	4	1	?	?
2294	1	1	?	?
2295	8	1	?	?
2296	4	1	?	?
2297	4	1	?	?
2298	4	1	?	?
2299	8	1	?	?
2300	4	1	?	?
2301	8	1	?	?
2302	4	1	?	?
2303	1	1	?	?
2304	8	1	?	?
2305	4	1	?	?
2306	4	1	?	?
2307	4	1	?	?
2308	8	1	?	?
2309	4	1	?	?
2310	8	1	?	?
2311	4	1	?	?
2312	1	1	?	?
2313	8	1	?	?
2314	4	1	?	?
2315	4	1	?	?
2316	4	1	?	?
2317	8	1	?	?
2318	4	1	?	?
2319	8	1	?	?
2320	4	1	?	?
2321	1	1	?	?
2322	8	1	?	?
2323	4	1	?	?
2324	4	1	?	?
2325	4	1	?	?
2326	8	1	?	?
2327	4	1	?	?
2328	8	1	?	?
2329	4	1	?	?
2330	1	1	?	?
2331	8	1	?	?
2332	4	1	?	?
2333	4	1	?	?
2334	4	1	?	?
2335	8	1	?	?
2336	4	1	?	?
2337	8	1	?	?
2338	4	1	?	?
2339	1	1	?	?
2340	8	1	?	?
2341	4	1	?	?
2342	4	1	?	?
2343	4	1	?	?
2344	8	1	?	?
2345	4	1	?	?
2346	8	1	?	?
2347	4	1	?	?
2348	1	1	?	?
2349	8	1	?	?
2350	4	1	?	?
2351	4	1	?	?
2352	4	1	?	?
2353	8	1	?	?
2354	4	1	?	?
2355	8	1	?	?
2356	4	1	?	?
2357	1	1	?	?
2358	8	1	?	?
2359	4	1	?	?
2360	4	1	?	?
2361	4	1	?	?
2362	8	1	?	?
2363	4	1	?	?
2364	8	1	?	?
2365	4	1	?	?
2366	1	1	?	?
2367	8	1	?	?
2368	4	1	?	?
2369	4	1	?	?
2370	4	1	?	?
2371	8	1	?	?
2372	4	1	?	?
2373	8	1	?	?
2374	4	1	?	?
2375	1	1	?	?
2376	8	1	?	?
2377	4	1	?	?
2378	4	1	?	?
2379	4	1	?	?
2380	8	1	?	?
2381	4	1	?	?
2382	8	1	?	?
2383	4	1	?	?
2384	1	1	?	?
2385	8	1	?	?
2386	4	1	?	?
2387	4	1	?	?
2388	4	1	?	?
2389	8	1	?	?
2390	4	1	?	?
2391	8	1	?	?
2392	4	1	?	?
2393	1	1	?	?
2394	8	1	?	?
2395	4	1	?	?
2396	4	1	?	?
2397	4	1	?	?
2398	8	1	?	?
2399	4	1	?	?
2400	8	1	?	?
2401	4	1	?	?
2402	1	1	?	?
2403	8	1	?	?
2404	4	1	?	?
2405	4	1	?	?
2406	4	1	?	?
2407	8	1	?	?
2408	4	1	?	?
2409	8	1	?	?
2410	4	1	?	?
2411	1	1	?	?
2412	8	1	?	?
2413	4	1	?	?
2414	4	1	?	?
2415	4	1	?	?
2416	8	1	?	?
2417	4	1	?	?
2418	8	1	?	?
2419	4	1	?	?
2420	1	1	?	?
2421	8	1	?	?
2422	4	1	?	?
2423	4	1	?	?
2424	4	1	?	?
2425	8	1	?	?
2426	4	1	?	?
2427	8	1	?	?
2428	4	1	?	?
2429	1	1	?	?
2430	8	1	?	?
2431	4	1	?	?
2432	4	1	?	?
2433	4	1	?	?
2434	8	1	?	?
2435	4	1	?	?
2436	8	1	?	?
2437	4	1	?	?
2438	1	1	?	?
2439	8	1	?	?
2440	4	1	?	?
2441	4	1	?	?
2442	4	1	?	?
2443	8	1	?	?
2444	4	1	?	?
2445	8	1	?	?
2446	4	1	?	?
2447	1	1	?	?
2448	8	1	?	?
2449	4	1	?	?
2450	4	1	?	?
2451	4	1	?	?
2452	8	1	?	?
2453	4	1	?	?
2454	8	1	?	?
2455	4	1	?	?
2456	1	1	?	?
2457	8	1	?	?
2458	4	1	?	?
2459	4	1	?	?
2460	4	1	?	?
2461	8	1	?	?
2462	4	1	?	?
2463	8	1	?	?
2464	4	1	?	?
2465	1	1	?	?
2466	8	1	?	?
2467	4	1	?	?
2468	4	1	?	?
2469	4	1	?	?
2470	8	1	?	?
2471	4	1	?	?
2472	8	1	?	?
2473	4	1	?	?
2474	1	1	?	?
2475	8	1	?	?
2476	4	1	?	?
2477	4	1	?	?
2478	4	1	?	?
2479	8	1	?	?
2480	4	1	?	?
2481	8	1	?	?
2482	4	1	?	?
2483	1	1	?	?
2484	8	1	?	?
2485	4	1	?	?
2486	4	1	?	?
2487	4	1	?	?
2488	8	1	?	?
2489	4	1	?	?
2490	8	1	?	?
2491	4	1	?	?
2492	1	1	?	?
2493	8	1	?	?
2494	4	1	?	?
2495	4	1	?	?
2496	4	1	?	?
2497	8	1	?	?
2498	4	1	?	?
2499	8	1	?	?
2500	4	1	?	?
2501	1	1	?	?
2502	8	1	?	?
2503	4	1	?	?
2504	4	1	?	?
2505	4	1	?	?
2506	8	1	?	?
2507	4	1	?	?
2508	8	1	?	?
2509	4	1	?	?
2510	1	1	?	?
2511	8	1	?	?
2512	4	1	?	?
2513	4	1	?	?
2514	4	1	?	?
2515	8	1	?	?
2516	4	1	?	?
2517	8	1	?	?
2518	4	1	?	?
2519	1	1	?	?
2520	8	1	?	?
2521	4	1	?	?
2522	4	1	?	?
2523	4	1	?	?
2524	8	1	?	?
2525	4	1	?	?
2526	8	1	?	?
2527	4	1	?	?
