# MAME 0.289 rungun2: save-state registry, file order
# signature ac42015c
# index	size	count	device	name  (? = no device: timer, stream, global)
0	8	1	?	?
1	2	1	?	?
2	2	1	?	?
3	2	1	?	?
4	1	1	?	?
5	1	16	?	?
6	4	1	?	?
7	2	1	?	?
8	2	1	?	?
9	2	1	?	?
10	1	1	?	?
11	8	1	:k054338	0/m_clock_scale
12	2	32	:k054338	0/m_regs
13	4	9	:k054338	0/m_shd_rgb
14	4	1	:k054338	0/m_unscaled_clock
15	4	1	:k054539_1	0/m_bank_count
16	8	1	:k054539_1	0/m_clock_scale
17	4	1	:k054539_1	0/m_cur_bank
18	4	1	:k054539_1	0/m_cur_ptr
19	4	1	:k054539_1	0/m_flags
20	8	8	:k054539_1	0/m_gain
21	8	15	:k054539_1	0/m_pantab
22	1	24	:k054539_1	0/m_posreg_latch
23	1	32768	:k054539_1	0/m_ram
24	1	560	:k054539_1	0/m_regs
25	4	1	:k054539_1	0/m_reverb_pos
26	4	1	:k054539_1	0/m_rom_addr
27	4	1	:k054539_1	0/m_timer_state
28	4	1	:k054539_1	0/m_unscaled_clock
29	8	256	:k054539_1	0/m_voltab
30	4	1	:k054539_2	0/m_bank_count
31	8	1	:k054539_2	0/m_clock_scale
32	4	1	:k054539_2	0/m_cur_bank
33	4	1	:k054539_2	0/m_cur_ptr
34	4	1	:k054539_2	0/m_flags
35	8	8	:k054539_2	0/m_gain
36	8	15	:k054539_2	0/m_pantab
37	1	24	:k054539_2	0/m_posreg_latch
38	1	32768	:k054539_2	0/m_ram
39	1	560	:k054539_2	0/m_regs
40	4	1	:k054539_2	0/m_reverb_pos
41	4	1	:k054539_2	0/m_rom_addr
42	4	1	:k054539_2	0/m_timer_state
43	4	1	:k054539_2	0/m_unscaled_clock
44	8	256	:k054539_2	0/m_voltab
45	8	1	:k055555	0/m_clock_scale
46	1	128	:k055555	0/m_regs
47	4	1	:k055555	0/m_unscaled_clock
48	8	1	:k055673	0/m_clock_scale
49	1	8	:k055673	0/m_kx46_regs
50	2	16	:k055673	0/m_kx47_regs
51	1	1	:k055673	0/m_objcha_line
52	2	8192	:k055673	0/m_ram
53	4	1	:k055673	0/m_unscaled_clock
54	8	1	:k056800	0/m_clock_scale
55	1	4	:k056800	0/m_host_to_snd_regs
56	1	1	:k056800	0/m_int_enabled
57	1	1	:k056800	0/m_int_pending
58	1	2	:k056800	0/m_snd_to_host_regs
59	4	1	:k056800	0/m_unscaled_clock
60	4	1	:k056832	0/m_active_layer
61	1	16	:k056832	0/m_all_lines_dirty
62	8	1	:k056832	0/m_clock_scale
63	4	1	:k056832	0/m_cur_gfx_banks
64	4	1	:k056832	0/m_cur_tile_bank
65	4	1	:k056832	0/m_default_layer_association
66	4	8	:k056832	0/m_dx
67	4	8	:k056832	0/m_dy
68	4	8	:k056832	0/m_h
69	4	16	:k056832	0/m_last_colorbase
70	4	16	:k056832	0/m_layer_assoc_with_page
71	4	1	:k056832	0/m_layer_association
72	4	16	:k056832	0/m_layer_offs
73	1	8	:k056832	0/m_layer_tile_mode
74	4	128	:k056832	0/m_line_dirty
75	1	1	:k056832	0/m_linemap_enabled
76	4	16	:k056832	0/m_lsram_page
77	1	16	:k056832	0/m_page_tile_mode
78	2	32	:k056832	0/m_regs
79	2	4	:k056832	0/m_regsb
80	4	1	:k056832	0/m_rom_half
81	4	1	:k056832	0/m_unscaled_clock
82	1	1	:k056832	0/m_use_ext_linescroll
83	1	1	:k056832	0/m_uses_tile_banks
84	2	69632	:k056832	0/m_videoram
85	4	8	:k056832	0/m_w
86	4	8	:k056832	0/m_x
87	4	8	:k056832	0/m_y
88	2	1	:soundcpu	0/m_alub
89	2	1	:soundcpu	0/m_alue
90	2	1	:soundcpu	0/m_aluo
91	4	1	:soundcpu	0/m_aob
92	4	1	:soundcpu	0/m_at
93	4	1	:soundcpu	0/m_au
94	2	1	:soundcpu	0/m_base_ssw
95	4	1	:soundcpu	0/m_bcount
96	8	1	:soundcpu	0/m_clock_scale
97	4	1	:soundcpu	0/m_count_before_instruction_step
98	4	17	:soundcpu	0/m_da
99	2	1	:soundcpu	0/m_dbin
100	2	1	:soundcpu	0/m_dbout
101	1	1	:soundcpu	0/m_dcr
102	4	1	:soundcpu	0/m_dt
103	1	1	:soundcpu	0/m_eatcycles
104	2	1	:soundcpu	0/m_edb
105	2	1	:soundcpu	0/m_ftu
106	1	67	:soundcpu	0/m_input.m_curstate
107	4	67	:soundcpu	0/m_input.m_curvector
108	4	67	:soundcpu	0/m_input.m_stored_vector
109	2	1	:soundcpu	0/m_inst_state
110	2	1	:soundcpu	0/m_inst_substate
111	4	1	:soundcpu	0/m_int_level
112	4	1	:soundcpu	0/m_int_next_state
113	4	1	:soundcpu	0/m_int_vector
114	4	1	:soundcpu	0/m_ipc
115	2	1	:soundcpu	0/m_ir
116	2	1	:soundcpu	0/m_irc
117	2	1	:soundcpu	0/m_ird
118	2	1	:soundcpu	0/m_irdi
119	2	1	:soundcpu	0/m_isr
120	8	1	:soundcpu	0/m_last_vpa_time
121	8	1	:soundcpu	0/m_localtime.attoseconds
122	4	1	:soundcpu	0/m_localtime.seconds
123	2	1	:soundcpu	0/m_movemr
124	4	1	:soundcpu	0/m_movems
125	2	1	:soundcpu	0/m_new_sr
126	4	1	:soundcpu	0/m_next_state
127	1	1	:soundcpu	0/m_nexteatcycles
128	4	1	:soundcpu	0/m_nextsuspend
129	4	1	:soundcpu	0/m_nmi_pending
130	1	1	:soundcpu	0/m_nmi_uses_generic
131	4	1	:soundcpu	0/m_pc
132	4	1	:soundcpu	0/m_post_run
133	4	1	:soundcpu	0/m_post_run_cycles
134	4	1	:soundcpu	0/m_sp
135	2	1	:soundcpu	0/m_sr
136	2	1	:soundcpu	0/m_ssw
137	4	1	:soundcpu	0/m_suspend
138	4	1	:soundcpu	0/m_t
139	8	1	:soundcpu	0/m_totalcycles
140	4	1	:soundcpu	0/m_trigger
141	4	1	:soundcpu	0/m_unscaled_clock
142	4	1	:soundcpu	0/m_virq_state
143	4	16	:maincpu	0/REG_D()
144	4	1	:maincpu	0/REG_ISP()
145	4	1	:maincpu	0/REG_MSP()
146	4	1	:maincpu	0/REG_USP()
147	4	1	:maincpu	0/m_caar
148	4	1	:maincpu	0/m_cacr
149	1	1	:maincpu	0/m_can_instruction_restart
150	8	1	:maincpu	0/m_clock_scale
151	4	1	:maincpu	0/m_dfc
152	1	1	:maincpu	0/m_eatcycles
153	1	1	:maincpu	0/m_emmu_enabled
154	4	1	:maincpu	0/m_fpcr
155	4	1	:maincpu	0/m_fpiar
156	2	8	:maincpu	0/m_fpr.signExp
157	8	8	:maincpu	0/m_fpr.signif
158	4	1	:maincpu	0/m_fpsr
159	1	1	:maincpu	0/m_fpu_just_reset
160	1	1	:maincpu	0/m_has_hmmu
161	1	1	:maincpu	0/m_has_pmmu
162	4	1	:maincpu	0/m_hmmu_enabled
163	1	67	:maincpu	0/m_input.m_curstate
164	4	67	:maincpu	0/m_input.m_curvector
165	4	67	:maincpu	0/m_input.m_stored_vector
166	4	1	:maincpu	0/m_int_level
167	8	1	:maincpu	0/m_localtime.attoseconds
168	4	1	:maincpu	0/m_localtime.seconds
169	4	1	:maincpu	0/m_mmu_acr0
170	4	1	:maincpu	0/m_mmu_acr1
171	4	1	:maincpu	0/m_mmu_acr2
172	4	1	:maincpu	0/m_mmu_acr3
173	4	22	:maincpu	0/m_mmu_atc_data
174	4	1	:maincpu	0/m_mmu_atc_rr
175	4	22	:maincpu	0/m_mmu_atc_tag
176	4	1	:maincpu	0/m_mmu_crp_aptr
177	4	1	:maincpu	0/m_mmu_crp_limit
178	4	1	:maincpu	0/m_mmu_dtt0
179	4	1	:maincpu	0/m_mmu_dtt1
180	4	1	:maincpu	0/m_mmu_itt0
181	4	1	:maincpu	0/m_mmu_itt1
182	4	1	:maincpu	0/m_mmu_last_page_entry
183	4	1	:maincpu	0/m_mmu_last_page_entry_addr
184	2	1	:maincpu	0/m_mmu_sr
185	4	1	:maincpu	0/m_mmu_sr_040
186	4	1	:maincpu	0/m_mmu_srp_aptr
187	4	1	:maincpu	0/m_mmu_srp_limit
188	4	1	:maincpu	0/m_mmu_tc
189	4	1	:maincpu	0/m_mmu_tt0
190	4	1	:maincpu	0/m_mmu_tt1
191	4	1	:maincpu	0/m_mmu_urp_aptr
192	1	1	:maincpu	0/m_nexteatcycles
193	4	1	:maincpu	0/m_nextsuspend
194	4	1	:maincpu	0/m_nmi_pending
195	4	1	:maincpu	0/m_pc
196	1	1	:maincpu	0/m_pmmu_enabled
197	4	1	:maincpu	0/m_ppc
198	4	1	:maincpu	0/m_pref_addr
199	4	1	:maincpu	0/m_pref_data
200	4	1	:maincpu	0/m_reset_cycles
201	1	1	:maincpu	0/m_restart_instruction
202	1	1	:maincpu	0/m_save_halted
203	2	1	:maincpu	0/m_save_sr
204	1	1	:maincpu	0/m_save_stopped
205	4	1	:maincpu	0/m_sfc
206	4	1	:maincpu	0/m_suspend
207	8	1	:maincpu	0/m_totalcycles
208	4	1	:maincpu	0/m_trigger
209	4	1	:maincpu	0/m_unscaled_clock
210	4	1	:maincpu	0/m_vbr
211	4	1	:maincpu	0/m_virq_state
212	1	3	:	0/m_brightness
213	8	1	:	0/m_clock_scale
214	1	1	:	0/m_current_brightness
215	1	1	:	0/m_flip_screen_x
216	1	1	:	0/m_flip_screen_y
217	4	1	:	0/m_gx_rdport1_3
218	2	2048	:	0/m_gx_spriteram
219	4	1	:	0/m_gx_syncen
220	4	8	:	0/m_gx_tilebanks
221	1	1	:	0/m_gx_wrport1_0
222	1	1	:	0/m_gx_wrport1_1
223	2	1	:	0/m_gx_wrport2
224	4	1	:	0/m_k053247_coreg
225	4	1	:	0/m_k053247_coregshift
226	4	1	:	0/m_k053247_opset
227	4	4	:	0/m_k053247_vrcbk
228	1	1	:	0/m_last_alpha_tile_mix_code
229	4	1	:	0/m_ocblk
230	4	1	:	0/m_oinprion
231	4	1	:	0/m_opri
232	4	1	:	0/m_osinmix
233	4	1	:	0/m_osmixon
234	1	1	:	0/m_prev_pixel_clock
235	1	1	:	0/m_sound_ctrl
236	1	1	:	0/m_sound_intck
237	4	1	:	0/m_suspension_active
238	4	1	:	0/m_unscaled_clock
239	4	6	:	0/m_vcblk
240	4	1	:	0/m_vinmix
241	4	1	:	0/m_vmixon
242	4	1	:eeprom	0/m_address
243	4	1	:eeprom	0/m_bits_accum
244	1	1	:eeprom	0/m_clk_state
245	8	1	:eeprom	0/m_clock_scale
246	1	1	:eeprom	0/m_command
247	4	1	:eeprom	0/m_command_address_accum
248	8	1	:eeprom	0/m_completion_time.attoseconds
249	4	1	:eeprom	0/m_completion_time.seconds
250	1	1	:eeprom	0/m_cs_state
251	1	128	:eeprom	0/m_data
252	1	1	:eeprom	0/m_di_state
253	8	1	:eeprom	0/m_last_cs_rising_edge_time.attoseconds
254	4	1	:eeprom	0/m_last_cs_rising_edge_time.seconds
255	1	1	:eeprom	0/m_locked
256	1	1	:eeprom	0/m_oe_state
257	4	1	:eeprom	0/m_shift_register
258	1	1	:eeprom	0/m_state
259	4	1	:eeprom	0/m_unscaled_clock
260	8	1	:speaker	0/m_clock_scale
261	4	1	:speaker	0/m_unscaled_clock
262	4	1	:dasp	0/aacc
263	1	1	:dasp	0/allow_update
264	1	1	:dasp	0/ba0
265	1	1	:dasp	0/ba1
266	1	1	:dasp	0/ca
267	4	256	:dasp	0/cmem
268	4	1	:dasp	0/creg
269	4	256	:dasp	0/dmem0
270	4	32	:dasp	0/dmem1
271	1	1	:dasp	0/hidx
272	1	4	:dasp	0/host
273	1	1	:dasp	0/id
274	8	1	:dasp	0/m_clock_scale
275	1	1	:dasp	0/m_eatcycles
276	1	67	:dasp	0/m_input.m_curstate
277	4	67	:dasp	0/m_input.m_curvector
278	4	67	:dasp	0/m_input.m_stored_vector
279	8	1	:dasp	0/m_localtime.attoseconds
280	4	1	:dasp	0/m_localtime.seconds
281	1	1	:dasp	0/m_nexteatcycles
282	4	1	:dasp	0/m_nextsuspend
283	4	1	:dasp	0/m_suspend
284	8	1	:dasp	0/m_totalcycles
285	4	1	:dasp	0/m_trigger
286	4	1	:dasp	0/m_unscaled_clock
287	8	1	:dasp	0/macc
288	8	1	:dasp	0/macc_read
289	8	1	:dasp	0/macc_write
290	1	1	:dasp	0/pc
291	1	1	:dasp	0/rptc
292	1	1	:dasp	0/rptc_next
293	1	1	:dasp	0/sa
294	4	4	:dasp	0/si
295	4	4	:dasp	0/so
296	4	1	:dasp	0/st0
297	4	1	:dasp	0/st1
298	4	1	:dasp	0/sti
299	4	1	:dasp	0/txrd
300	4	16	:dasp	0/update
301	1	1	:dasp	0/update_counter_head
302	1	1	:dasp	0/update_counter_tail
303	4	1	:dasp	0/xba
304	4	1	:dasp	0/xm_adr
305	4	1	:dasp	0/xoa
306	4	1	:dasp	0/xrd
307	4	1	:dasp	0/xwr
308	8	1	:scantimer	0/m_clock_scale
309	1	1	:scantimer	0/m_first_time
310	4	1	:scantimer	0/m_unscaled_clock
311	1	1	:screen	0/m_brightness
312	8	1	:screen	0/m_clock_scale
313	8	1	:screen	0/m_frame_number
314	8	1	:screen	0/m_frame_period
315	4	1	:screen	0/m_height
316	8	1	:screen	0/m_last_partial_reset.attoseconds
317	4	1	:screen	0/m_last_partial_reset.seconds
318	4	1	:screen	0/m_last_partial_scan
319	8	1	:screen	0/m_pixeltime
320	8	1	:screen	0/m_scantime
321	4	1	:screen	0/m_unscaled_clock
322	8	1	:screen	0/m_vblank_end_time.attoseconds
323	4	1	:screen	0/m_vblank_end_time.seconds
324	8	1	:screen	0/m_vblank_period
325	8	1	:screen	0/m_vblank_start_time.attoseconds
326	4	1	:screen	0/m_vblank_start_time.seconds
327	4	1	:screen	0/m_visarea.max_x
328	4	1	:screen	0/m_visarea.max_y
329	4	1	:screen	0/m_visarea.min_x
330	4	1	:screen	0/m_visarea.min_y
331	4	1	:screen	0/m_width
332	1	1	:screen2	0/m_brightness
333	8	1	:screen2	0/m_clock_scale
334	8	1	:screen2	0/m_frame_number
335	8	1	:screen2	0/m_frame_period
336	4	1	:screen2	0/m_height
337	8	1	:screen2	0/m_last_partial_reset.attoseconds
338	4	1	:screen2	0/m_last_partial_reset.seconds
339	4	1	:screen2	0/m_last_partial_scan
340	8	1	:screen2	0/m_pixeltime
341	8	1	:screen2	0/m_scantime
342	4	1	:screen2	0/m_unscaled_clock
343	8	1	:screen2	0/m_vblank_end_time.attoseconds
344	4	1	:screen2	0/m_vblank_end_time.seconds
345	8	1	:screen2	0/m_vblank_period
346	8	1	:screen2	0/m_vblank_start_time.attoseconds
347	4	1	:screen2	0/m_vblank_start_time.seconds
348	4	1	:screen2	0/m_visarea.max_x
349	4	1	:screen2	0/m_visarea.max_y
350	4	1	:screen2	0/m_visarea.min_x
351	4	1	:screen2	0/m_visarea.min_y
352	4	1	:screen2	0/m_width
353	8	1	:gfxdecode	0/m_clock_scale
354	4	1	:gfxdecode	0/m_unscaled_clock
355	8	1	?	?
356	4	1	?	?
357	4	8	?	?
358	4	8	?	?
359	4	1	?	?
360	8	1	?	?
361	4	1	?	?
362	4	8	?	?
363	4	1	?	?
364	4	256	:dasp	0/0-ff
365	1	262144	:dasp	1/0-3ffff
366	4	1	?	?
367	4	1	?	?
368	4	8	:maincpu	0/:k053936_0_ctrl
369	4	1024	:maincpu	0/:k053936_0_line
370	4	8192	:maincpu	0/:paletteram
371	4	8192	:maincpu	0/:psacram
372	4	8192	:maincpu	0/:subpaletteram
373	4	32768	:maincpu	0/:workram
374	4	8192	:maincpu	0/d90000-d97fff
375	2	32768	:soundcpu	0/100000-10ffff
376	4	1	:	0/save_data
377	8	1	:palette	0/m_clock_scale
378	8	1	:palette	0/m_highlight_factor
379	4	8192	:palette	0/m_save_contrast
380	4	8192	:palette	0/m_save_pen
381	8	1	:palette	0/m_shadow_factor
382	4	1	:palette	0/m_shadow_mode
383	4	1	:palette	0/m_unscaled_clock
384	4	48000	?	?
385	4	1	?	?
386	4	1	?	?
387	8	1	?	?
388	4	1	?	?
389	4	48000	?	?
390	4	48000	?	?
391	4	48000	?	?
392	4	1	?	?
393	4	1	?	?
394	8	1	?	?
395	4	1	?	?
396	4	48000	?	?
397	4	1	?	?
398	4	1	?	?
399	8	1	?	?
400	4	1	?	?
401	4	48000	?	?
402	4	48000	?	?
403	4	1	?	?
404	4	1	?	?
405	8	1	?	?
406	4	1	?	?
407	4	48000	?	?
408	4	4	?	?
409	4	4	?	?
410	4	1	?	?
411	8	1	?	?
412	4	1	?	?
413	4	1	?	?
414	4	1	?	?
415	4	1	?	?
416	4	1	?	?
417	4	2	?	?
418	4	1	?	?
419	8	1	?	?
420	4	1	?	?
421	4	1	?	?
422	4	1	?	?
423	4	1	?	?
424	4	1	?	?
425	4	1	?	?
426	4	1	?	?
427	4	1	?	?
428	4	1	?	?
429	4	2	?	?
430	4	1	?	?
431	8	1	?	?
432	4	1	?	?
433	4	2	?	?
434	4	1	?	?
435	8	1	?	?
436	4	1	?	?
437	1	1	?	?
438	4	512	?	?
439	4	1	?	?
440	4	1	?	?
441	4	1	?	?
442	4	1	?	?
443	1	1	?	?
444	4	1	?	?
445	4	256	?	?
446	4	1	?	?
447	4	1	?	?
448	1	1	?	?
449	4	512	?	?
450	4	1	?	?
451	4	1	?	?
452	4	1	?	?
453	4	1	?	?
454	1	1	?	?
455	4	1	?	?
456	4	256	?	?
457	4	1	?	?
458	4	1	?	?
459	1	1	?	?
460	4	2048	?	?
461	4	1	?	?
462	4	1	?	?
463	4	1	?	?
464	4	1	?	?
465	1	1	?	?
466	4	1	?	?
467	4	2048	?	?
468	4	1	?	?
469	4	1	?	?
470	1	1	?	?
471	4	512	?	?
472	4	1	?	?
473	4	1	?	?
474	4	1	?	?
475	4	1	?	?
476	1	1	?	?
477	4	1	?	?
478	4	256	?	?
479	4	1	?	?
480	4	1	?	?
481	1	1	?	?
482	4	512	?	?
483	4	1	?	?
484	4	1	?	?
485	4	1	?	?
486	4	1	?	?
487	1	1	?	?
488	4	1	?	?
489	4	256	?	?
490	4	1	?	?
491	4	1	?	?
492	1	1	?	?
493	4	512	?	?
494	4	1	?	?
495	4	1	?	?
496	4	1	?	?
497	4	1	?	?
498	1	1	?	?
499	4	1	?	?
500	4	256	?	?
501	4	1	?	?
502	4	1	?	?
503	1	1	?	?
504	4	512	?	?
505	4	1	?	?
506	4	1	?	?
507	4	1	?	?
508	4	1	?	?
509	1	1	?	?
510	4	1	?	?
511	4	256	?	?
512	4	1	?	?
513	4	1	?	?
514	1	1	?	?
515	4	512	?	?
516	4	1	?	?
517	4	1	?	?
518	4	1	?	?
519	4	1	?	?
520	1	1	?	?
521	4	1	?	?
522	4	256	?	?
523	4	1	?	?
524	4	1	?	?
525	1	1	?	?
526	4	512	?	?
527	4	1	?	?
528	4	1	?	?
529	4	1	?	?
530	4	1	?	?
531	1	1	?	?
532	4	1	?	?
533	4	256	?	?
534	4	1	?	?
535	4	1	?	?
536	1	1	?	?
537	4	512	?	?
538	4	1	?	?
539	4	1	?	?
540	4	1	?	?
541	4	1	?	?
542	1	1	?	?
543	4	1	?	?
544	4	256	?	?
545	4	1	?	?
546	4	1	?	?
547	1	1	?	?
548	4	512	?	?
549	4	1	?	?
550	4	1	?	?
551	4	1	?	?
552	4	1	?	?
553	1	1	?	?
554	4	1	?	?
555	4	256	?	?
556	4	1	?	?
557	4	1	?	?
558	1	1	?	?
559	4	512	?	?
560	4	1	?	?
561	4	1	?	?
562	4	1	?	?
563	4	1	?	?
564	1	1	?	?
565	4	1	?	?
566	4	256	?	?
567	4	1	?	?
568	4	1	?	?
569	1	1	?	?
570	4	512	?	?
571	4	1	?	?
572	4	1	?	?
573	4	1	?	?
574	4	1	?	?
575	1	1	?	?
576	4	1	?	?
577	4	256	?	?
578	4	1	?	?
579	4	1	?	?
580	1	1	?	?
581	4	512	?	?
582	4	1	?	?
583	4	1	?	?
584	4	1	?	?
585	4	1	?	?
586	1	1	?	?
587	4	1	?	?
588	4	256	?	?
589	4	1	?	?
590	4	1	?	?
591	1	1	?	?
592	4	512	?	?
593	4	1	?	?
594	4	1	?	?
595	4	1	?	?
596	4	1	?	?
597	1	1	?	?
598	4	1	?	?
599	4	256	?	?
600	4	1	?	?
601	4	1	?	?
602	1	1	?	?
603	4	512	?	?
604	4	1	?	?
605	4	1	?	?
606	4	1	?	?
607	4	1	?	?
608	1	1	?	?
609	4	1	?	?
610	4	256	?	?
611	4	1	?	?
612	4	1	?	?
613	1	1	?	?
614	4	512	?	?
615	4	1	?	?
616	4	1	?	?
617	4	1	?	?
618	4	1	?	?
619	1	1	?	?
620	4	1	?	?
621	4	256	?	?
622	4	1	?	?
623	4	1	?	?
624	1	1	?	?
625	8	1	?	?
626	4	1	?	?
627	4	1	?	?
628	4	1	?	?
629	8	1	?	?
630	4	1	?	?
631	8	1	?	?
632	4	1	?	?
633	1	1	?	?
634	8	1	?	?
635	4	1	?	?
636	4	1	?	?
637	4	1	?	?
638	8	1	?	?
639	4	1	?	?
640	8	1	?	?
641	4	1	?	?
642	1	1	?	?
643	8	1	?	?
644	4	1	?	?
645	4	1	?	?
646	4	1	?	?
647	8	1	?	?
648	4	1	?	?
649	8	1	?	?
650	4	1	?	?
651	1	1	?	?
652	8	1	?	?
653	4	1	?	?
654	4	1	?	?
655	4	1	?	?
656	8	1	?	?
657	4	1	?	?
658	8	1	?	?
659	4	1	?	?
660	1	1	?	?
661	8	1	?	?
662	4	1	?	?
663	4	1	?	?
664	4	1	?	?
665	8	1	?	?
666	4	1	?	?
667	8	1	?	?
668	4	1	?	?
669	1	1	?	?
670	8	1	?	?
671	4	1	?	?
672	4	1	?	?
673	4	1	?	?
674	8	1	?	?
675	4	1	?	?
676	8	1	?	?
677	4	1	?	?
678	1	1	?	?
679	8	1	?	?
680	4	1	?	?
681	4	1	?	?
682	4	1	?	?
683	8	1	?	?
684	4	1	?	?
685	8	1	?	?
686	4	1	?	?
687	1	1	?	?
688	8	1	?	?
689	4	1	?	?
690	4	1	?	?
691	4	1	?	?
692	8	1	?	?
693	4	1	?	?
694	8	1	?	?
695	4	1	?	?
696	1	1	?	?
697	8	1	?	?
698	4	1	?	?
699	4	1	?	?
700	4	1	?	?
701	8	1	?	?
702	4	1	?	?
703	8	1	?	?
704	4	1	?	?
705	1	1	?	?
706	8	1	?	?
707	4	1	?	?
708	4	1	?	?
709	4	1	?	?
710	8	1	?	?
711	4	1	?	?
712	8	1	?	?
713	4	1	?	?
714	1	1	?	?
715	8	1	?	?
716	4	1	?	?
717	4	1	?	?
718	4	1	?	?
719	8	1	?	?
720	4	1	?	?
721	8	1	?	?
722	4	1	?	?
723	1	1	?	?
724	8	1	?	?
725	4	1	?	?
726	4	1	?	?
727	4	1	?	?
728	8	1	?	?
729	4	1	?	?
730	8	1	?	?
731	4	1	?	?
732	1	1	?	?
733	8	1	?	?
734	4	1	?	?
735	4	1	?	?
736	4	1	?	?
737	8	1	?	?
738	4	1	?	?
739	8	1	?	?
740	4	1	?	?
741	1	1	?	?
742	8	1	?	?
743	4	1	?	?
744	4	1	?	?
745	4	1	?	?
746	8	1	?	?
747	4	1	?	?
748	8	1	?	?
749	4	1	?	?
750	1	1	?	?
751	8	1	?	?
752	4	1	?	?
753	4	1	?	?
754	4	1	?	?
755	8	1	?	?
756	4	1	?	?
757	8	1	?	?
758	4	1	?	?
759	1	1	?	?
760	8	1	?	?
761	4	1	?	?
762	4	1	?	?
763	4	1	?	?
764	8	1	?	?
765	4	1	?	?
766	8	1	?	?
767	4	1	?	?
768	1	1	?	?
769	8	1	?	?
770	4	1	?	?
771	4	1	?	?
772	4	1	?	?
773	8	1	?	?
774	4	1	?	?
775	8	1	?	?
776	4	1	?	?
777	1	1	?	?
778	8	1	?	?
779	4	1	?	?
780	4	1	?	?
781	4	1	?	?
782	8	1	?	?
783	4	1	?	?
784	8	1	?	?
785	4	1	?	?
786	1	1	?	?
787	8	1	?	?
788	4	1	?	?
789	4	1	?	?
790	4	1	?	?
791	8	1	?	?
792	4	1	?	?
793	8	1	?	?
794	4	1	?	?
795	1	1	?	?
796	8	1	?	?
797	4	1	?	?
798	4	1	?	?
799	4	1	?	?
800	8	1	?	?
801	4	1	?	?
802	8	1	?	?
803	4	1	?	?
804	1	1	?	?
805	8	1	?	?
806	4	1	?	?
807	4	1	?	?
808	4	1	?	?
809	8	1	?	?
810	4	1	?	?
811	8	1	?	?
812	4	1	?	?
813	1	1	?	?
814	8	1	?	?
815	4	1	?	?
816	4	1	?	?
817	4	1	?	?
818	8	1	?	?
819	4	1	?	?
820	8	1	?	?
821	4	1	?	?
822	1	1	?	?
823	8	1	?	?
824	4	1	?	?
825	4	1	?	?
826	4	1	?	?
827	8	1	?	?
828	4	1	?	?
829	8	1	?	?
830	4	1	?	?
831	1	1	?	?
832	8	1	?	?
833	4	1	?	?
834	4	1	?	?
835	4	1	?	?
836	8	1	?	?
837	4	1	?	?
838	8	1	?	?
839	4	1	?	?
840	1	1	?	?
841	8	1	?	?
842	4	1	?	?
843	4	1	?	?
844	4	1	?	?
845	8	1	?	?
846	4	1	?	?
847	8	1	?	?
848	4	1	?	?
849	1	1	?	?
850	8	1	?	?
851	4	1	?	?
852	4	1	?	?
853	4	1	?	?
854	8	1	?	?
855	4	1	?	?
856	8	1	?	?
857	4	1	?	?
858	1	1	?	?
859	8	1	?	?
860	4	1	?	?
861	4	1	?	?
862	4	1	?	?
863	8	1	?	?
864	4	1	?	?
865	8	1	?	?
866	4	1	?	?
867	1	1	?	?
868	8	1	?	?
869	4	1	?	?
870	4	1	?	?
871	4	1	?	?
872	8	1	?	?
873	4	1	?	?
874	8	1	?	?
875	4	1	?	?
876	1	1	?	?
877	8	1	?	?
878	4	1	?	?
879	4	1	?	?
880	4	1	?	?
881	8	1	?	?
882	4	1	?	?
883	8	1	?	?
884	4	1	?	?
885	1	1	?	?
886	8	1	?	?
887	4	1	?	?
888	4	1	?	?
889	4	1	?	?
890	8	1	?	?
891	4	1	?	?
892	8	1	?	?
893	4	1	?	?
894	1	1	?	?
895	8	1	?	?
896	4	1	?	?
897	4	1	?	?
898	4	1	?	?
899	8	1	?	?
900	4	1	?	?
901	8	1	?	?
902	4	1	?	?
903	1	1	?	?
904	8	1	?	?
905	4	1	?	?
906	4	1	?	?
907	4	1	?	?
908	8	1	?	?
909	4	1	?	?
910	8	1	?	?
911	4	1	?	?
912	1	1	?	?
913	8	1	?	?
914	4	1	?	?
915	4	1	?	?
916	4	1	?	?
917	8	1	?	?
918	4	1	?	?
919	8	1	?	?
920	4	1	?	?
921	1	1	?	?
922	8	1	?	?
923	4	1	?	?
924	4	1	?	?
925	4	1	?	?
926	8	1	?	?
927	4	1	?	?
928	8	1	?	?
929	4	1	?	?
930	1	1	?	?
931	8	1	?	?
932	4	1	?	?
933	4	1	?	?
934	4	1	?	?
935	8	1	?	?
936	4	1	?	?
937	8	1	?	?
938	4	1	?	?
939	1	1	?	?
940	8	1	?	?
941	4	1	?	?
942	4	1	?	?
943	4	1	?	?
944	8	1	?	?
945	4	1	?	?
946	8	1	?	?
947	4	1	?	?
948	1	1	?	?
949	8	1	?	?
950	4	1	?	?
951	4	1	?	?
952	4	1	?	?
953	8	1	?	?
954	4	1	?	?
955	8	1	?	?
956	4	1	?	?
957	1	1	?	?
958	8	1	?	?
959	4	1	?	?
960	4	1	?	?
961	4	1	?	?
962	8	1	?	?
963	4	1	?	?
964	8	1	?	?
965	4	1	?	?
966	1	1	?	?
967	8	1	?	?
968	4	1	?	?
969	4	1	?	?
970	4	1	?	?
971	8	1	?	?
972	4	1	?	?
973	8	1	?	?
974	4	1	?	?
975	1	1	?	?
976	8	1	?	?
977	4	1	?	?
978	4	1	?	?
979	4	1	?	?
980	8	1	?	?
981	4	1	?	?
982	8	1	?	?
983	4	1	?	?
984	1	1	?	?
985	8	1	?	?
986	4	1	?	?
987	4	1	?	?
988	4	1	?	?
989	8	1	?	?
990	4	1	?	?
991	8	1	?	?
992	4	1	?	?
993	1	1	?	?
994	8	1	?	?
995	4	1	?	?
996	4	1	?	?
997	4	1	?	?
998	8	1	?	?
999	4	1	?	?
1000	8	1	?	?
1001	4	1	?	?
1002	1	1	?	?
1003	8	1	?	?
1004	4	1	?	?
1005	4	1	?	?
1006	4	1	?	?
1007	8	1	?	?
1008	4	1	?	?
1009	8	1	?	?
1010	4	1	?	?
1011	1	1	?	?
1012	8	1	?	?
1013	4	1	?	?
1014	4	1	?	?
1015	4	1	?	?
1016	8	1	?	?
1017	4	1	?	?
1018	8	1	?	?
1019	4	1	?	?
1020	1	1	?	?
1021	8	1	?	?
1022	4	1	?	?
1023	4	1	?	?
1024	4	1	?	?
1025	8	1	?	?
1026	4	1	?	?
1027	8	1	?	?
1028	4	1	?	?
1029	1	1	?	?
1030	8	1	?	?
1031	4	1	?	?
1032	4	1	?	?
1033	4	1	?	?
1034	8	1	?	?
1035	4	1	?	?
1036	8	1	?	?
1037	4	1	?	?
1038	1	1	?	?
1039	8	1	?	?
1040	4	1	?	?
1041	4	1	?	?
1042	4	1	?	?
1043	8	1	?	?
1044	4	1	?	?
1045	8	1	?	?
1046	4	1	?	?
1047	1	1	?	?
1048	8	1	?	?
1049	4	1	?	?
1050	4	1	?	?
1051	4	1	?	?
1052	8	1	?	?
1053	4	1	?	?
1054	8	1	?	?
1055	4	1	?	?
1056	1	1	?	?
1057	8	1	?	?
1058	4	1	?	?
1059	4	1	?	?
1060	4	1	?	?
1061	8	1	?	?
1062	4	1	?	?
1063	8	1	?	?
1064	4	1	?	?
1065	1	1	?	?
1066	8	1	?	?
1067	4	1	?	?
1068	4	1	?	?
1069	4	1	?	?
1070	8	1	?	?
1071	4	1	?	?
1072	8	1	?	?
1073	4	1	?	?
1074	1	1	?	?
1075	8	1	?	?
1076	4	1	?	?
1077	4	1	?	?
1078	4	1	?	?
1079	8	1	?	?
1080	4	1	?	?
1081	8	1	?	?
1082	4	1	?	?
1083	1	1	?	?
1084	8	1	?	?
1085	4	1	?	?
1086	4	1	?	?
1087	4	1	?	?
1088	8	1	?	?
1089	4	1	?	?
1090	8	1	?	?
1091	4	1	?	?
1092	1	1	?	?
1093	8	1	?	?
1094	4	1	?	?
1095	4	1	?	?
1096	4	1	?	?
1097	8	1	?	?
1098	4	1	?	?
1099	8	1	?	?
1100	4	1	?	?
1101	1	1	?	?
1102	8	1	?	?
1103	4	1	?	?
1104	4	1	?	?
1105	4	1	?	?
1106	8	1	?	?
1107	4	1	?	?
1108	8	1	?	?
1109	4	1	?	?
1110	1	1	?	?
1111	8	1	?	?
1112	4	1	?	?
1113	4	1	?	?
1114	4	1	?	?
1115	8	1	?	?
1116	4	1	?	?
1117	8	1	?	?
1118	4	1	?	?
1119	1	1	?	?
1120	8	1	?	?
1121	4	1	?	?
1122	4	1	?	?
1123	4	1	?	?
1124	8	1	?	?
1125	4	1	?	?
1126	8	1	?	?
1127	4	1	?	?
1128	1	1	?	?
1129	8	1	?	?
1130	4	1	?	?
1131	4	1	?	?
1132	4	1	?	?
1133	8	1	?	?
1134	4	1	?	?
1135	8	1	?	?
1136	4	1	?	?
1137	1	1	?	?
1138	8	1	?	?
1139	4	1	?	?
1140	4	1	?	?
1141	4	1	?	?
1142	8	1	?	?
1143	4	1	?	?
1144	8	1	?	?
1145	4	1	?	?
1146	1	1	?	?
1147	8	1	?	?
1148	4	1	?	?
1149	4	1	?	?
1150	4	1	?	?
1151	8	1	?	?
1152	4	1	?	?
1153	8	1	?	?
1154	4	1	?	?
1155	1	1	?	?
1156	8	1	?	?
1157	4	1	?	?
1158	4	1	?	?
1159	4	1	?	?
1160	8	1	?	?
1161	4	1	?	?
1162	8	1	?	?
1163	4	1	?	?
1164	1	1	?	?
1165	8	1	?	?
1166	4	1	?	?
1167	4	1	?	?
1168	4	1	?	?
1169	8	1	?	?
1170	4	1	?	?
1171	8	1	?	?
1172	4	1	?	?
1173	1	1	?	?
1174	8	1	?	?
1175	4	1	?	?
1176	4	1	?	?
1177	4	1	?	?
1178	8	1	?	?
1179	4	1	?	?
1180	8	1	?	?
1181	4	1	?	?
1182	1	1	?	?
1183	8	1	?	?
1184	4	1	?	?
1185	4	1	?	?
1186	4	1	?	?
1187	8	1	?	?
1188	4	1	?	?
1189	8	1	?	?
1190	4	1	?	?
1191	1	1	?	?
1192	8	1	?	?
1193	4	1	?	?
1194	4	1	?	?
1195	4	1	?	?
1196	8	1	?	?
1197	4	1	?	?
1198	8	1	?	?
1199	4	1	?	?
1200	1	1	?	?
1201	8	1	?	?
1202	4	1	?	?
1203	4	1	?	?
1204	4	1	?	?
1205	8	1	?	?
1206	4	1	?	?
1207	8	1	?	?
1208	4	1	?	?
1209	1	1	?	?
1210	8	1	?	?
1211	4	1	?	?
1212	4	1	?	?
1213	4	1	?	?
1214	8	1	?	?
1215	4	1	?	?
1216	8	1	?	?
1217	4	1	?	?
1218	1	1	?	?
1219	8	1	?	?
1220	4	1	?	?
1221	4	1	?	?
1222	4	1	?	?
1223	8	1	?	?
1224	4	1	?	?
1225	8	1	?	?
1226	4	1	?	?
1227	1	1	?	?
1228	8	1	?	?
1229	4	1	?	?
1230	4	1	?	?
1231	4	1	?	?
1232	8	1	?	?
1233	4	1	?	?
1234	8	1	?	?
1235	4	1	?	?
1236	1	1	?	?
1237	8	1	?	?
1238	4	1	?	?
1239	4	1	?	?
1240	4	1	?	?
1241	8	1	?	?
1242	4	1	?	?
1243	8	1	?	?
1244	4	1	?	?
1245	1	1	?	?
1246	8	1	?	?
1247	4	1	?	?
1248	4	1	?	?
1249	4	1	?	?
1250	8	1	?	?
1251	4	1	?	?
1252	8	1	?	?
1253	4	1	?	?
1254	1	1	?	?
1255	8	1	?	?
1256	4	1	?	?
1257	4	1	?	?
1258	4	1	?	?
1259	8	1	?	?
1260	4	1	?	?
1261	8	1	?	?
1262	4	1	?	?
1263	1	1	?	?
1264	8	1	?	?
1265	4	1	?	?
1266	4	1	?	?
1267	4	1	?	?
1268	8	1	?	?
1269	4	1	?	?
1270	8	1	?	?
1271	4	1	?	?
1272	1	1	?	?
1273	8	1	?	?
1274	4	1	?	?
1275	4	1	?	?
1276	4	1	?	?
1277	8	1	?	?
1278	4	1	?	?
1279	8	1	?	?
1280	4	1	?	?
1281	1	1	?	?
1282	8	1	?	?
1283	4	1	?	?
1284	4	1	?	?
1285	4	1	?	?
1286	8	1	?	?
1287	4	1	?	?
1288	8	1	?	?
1289	4	1	?	?
1290	1	1	?	?
1291	8	1	?	?
1292	4	1	?	?
1293	4	1	?	?
1294	4	1	?	?
1295	8	1	?	?
1296	4	1	?	?
1297	8	1	?	?
1298	4	1	?	?
1299	1	1	?	?
1300	8	1	?	?
1301	4	1	?	?
1302	4	1	?	?
1303	4	1	?	?
1304	8	1	?	?
1305	4	1	?	?
1306	8	1	?	?
1307	4	1	?	?
1308	1	1	?	?
1309	8	1	?	?
1310	4	1	?	?
1311	4	1	?	?
1312	4	1	?	?
1313	8	1	?	?
1314	4	1	?	?
1315	8	1	?	?
1316	4	1	?	?
1317	1	1	?	?
1318	8	1	?	?
1319	4	1	?	?
1320	4	1	?	?
1321	4	1	?	?
1322	8	1	?	?
1323	4	1	?	?
1324	8	1	?	?
1325	4	1	?	?
1326	1	1	?	?
1327	8	1	?	?
1328	4	1	?	?
1329	4	1	?	?
1330	4	1	?	?
1331	8	1	?	?
1332	4	1	?	?
1333	8	1	?	?
1334	4	1	?	?
1335	1	1	?	?
1336	8	1	?	?
1337	4	1	?	?
1338	4	1	?	?
1339	4	1	?	?
1340	8	1	?	?
1341	4	1	?	?
1342	8	1	?	?
1343	4	1	?	?
1344	1	1	?	?
1345	8	1	?	?
1346	4	1	?	?
1347	4	1	?	?
1348	4	1	?	?
1349	8	1	?	?
1350	4	1	?	?
1351	8	1	?	?
1352	4	1	?	?
1353	1	1	?	?
1354	8	1	?	?
1355	4	1	?	?
1356	4	1	?	?
1357	4	1	?	?
1358	8	1	?	?
1359	4	1	?	?
1360	8	1	?	?
1361	4	1	?	?
1362	1	1	?	?
1363	8	1	?	?
1364	4	1	?	?
1365	4	1	?	?
1366	4	1	?	?
1367	8	1	?	?
1368	4	1	?	?
1369	8	1	?	?
1370	4	1	?	?
1371	1	1	?	?
1372	8	1	?	?
1373	4	1	?	?
1374	4	1	?	?
1375	4	1	?	?
1376	8	1	?	?
1377	4	1	?	?
1378	8	1	?	?
1379	4	1	?	?
1380	1	1	?	?
1381	8	1	?	?
1382	4	1	?	?
1383	4	1	?	?
1384	4	1	?	?
1385	8	1	?	?
1386	4	1	?	?
1387	8	1	?	?
1388	4	1	?	?
1389	1	1	?	?
1390	8	1	?	?
1391	4	1	?	?
1392	4	1	?	?
1393	4	1	?	?
1394	8	1	?	?
1395	4	1	?	?
1396	8	1	?	?
1397	4	1	?	?
1398	1	1	?	?
1399	8	1	?	?
1400	4	1	?	?
1401	4	1	?	?
1402	4	1	?	?
1403	8	1	?	?
1404	4	1	?	?
1405	8	1	?	?
1406	4	1	?	?
1407	1	1	?	?
1408	8	1	?	?
1409	4	1	?	?
1410	4	1	?	?
1411	4	1	?	?
1412	8	1	?	?
1413	4	1	?	?
1414	8	1	?	?
1415	4	1	?	?
1416	1	1	?	?
1417	8	1	?	?
1418	4	1	?	?
1419	4	1	?	?
1420	4	1	?	?
1421	8	1	?	?
1422	4	1	?	?
1423	8	1	?	?
1424	4	1	?	?
1425	1	1	?	?
1426	8	1	?	?
1427	4	1	?	?
1428	4	1	?	?
1429	4	1	?	?
1430	8	1	?	?
1431	4	1	?	?
1432	8	1	?	?
1433	4	1	?	?
1434	1	1	?	?
1435	8	1	?	?
1436	4	1	?	?
1437	4	1	?	?
1438	4	1	?	?
1439	8	1	?	?
1440	4	1	?	?
1441	8	1	?	?
1442	4	1	?	?
1443	1	1	?	?
1444	8	1	?	?
1445	4	1	?	?
1446	4	1	?	?
1447	4	1	?	?
1448	8	1	?	?
1449	4	1	?	?
1450	8	1	?	?
1451	4	1	?	?
1452	1	1	?	?
1453	8	1	?	?
1454	4	1	?	?
1455	4	1	?	?
1456	4	1	?	?
1457	8	1	?	?
1458	4	1	?	?
1459	8	1	?	?
1460	4	1	?	?
1461	1	1	?	?
1462	8	1	?	?
1463	4	1	?	?
1464	4	1	?	?
1465	4	1	?	?
1466	8	1	?	?
1467	4	1	?	?
1468	8	1	?	?
1469	4	1	?	?
1470	1	1	?	?
1471	8	1	?	?
1472	4	1	?	?
1473	4	1	?	?
1474	4	1	?	?
1475	8	1	?	?
1476	4	1	?	?
1477	8	1	?	?
1478	4	1	?	?
1479	1	1	?	?
1480	8	1	?	?
1481	4	1	?	?
1482	4	1	?	?
1483	4	1	?	?
1484	8	1	?	?
1485	4	1	?	?
1486	8	1	?	?
1487	4	1	?	?
1488	1	1	?	?
1489	8	1	?	?
1490	4	1	?	?
1491	4	1	?	?
1492	4	1	?	?
1493	8	1	?	?
1494	4	1	?	?
1495	8	1	?	?
1496	4	1	?	?
1497	1	1	?	?
1498	8	1	?	?
1499	4	1	?	?
1500	4	1	?	?
1501	4	1	?	?
1502	8	1	?	?
1503	4	1	?	?
1504	8	1	?	?
1505	4	1	?	?
1506	1	1	?	?
1507	8	1	?	?
1508	4	1	?	?
1509	4	1	?	?
1510	4	1	?	?
1511	8	1	?	?
1512	4	1	?	?
1513	8	1	?	?
1514	4	1	?	?
1515	1	1	?	?
1516	8	1	?	?
1517	4	1	?	?
1518	4	1	?	?
1519	4	1	?	?
1520	8	1	?	?
1521	4	1	?	?
1522	8	1	?	?
1523	4	1	?	?
1524	1	1	?	?
1525	8	1	?	?
1526	4	1	?	?
1527	4	1	?	?
1528	4	1	?	?
1529	8	1	?	?
1530	4	1	?	?
1531	8	1	?	?
1532	4	1	?	?
1533	1	1	?	?
1534	8	1	?	?
1535	4	1	?	?
1536	4	1	?	?
1537	4	1	?	?
1538	8	1	?	?
1539	4	1	?	?
1540	8	1	?	?
1541	4	1	?	?
1542	1	1	?	?
1543	8	1	?	?
1544	4	1	?	?
1545	4	1	?	?
1546	4	1	?	?
1547	8	1	?	?
1548	4	1	?	?
1549	8	1	?	?
1550	4	1	?	?
1551	1	1	?	?
1552	8	1	?	?
1553	4	1	?	?
1554	4	1	?	?
1555	4	1	?	?
1556	8	1	?	?
1557	4	1	?	?
1558	8	1	?	?
1559	4	1	?	?
1560	1	1	?	?
1561	8	1	?	?
1562	4	1	?	?
1563	4	1	?	?
1564	4	1	?	?
1565	8	1	?	?
1566	4	1	?	?
1567	8	1	?	?
1568	4	1	?	?
1569	1	1	?	?
1570	8	1	?	?
1571	4	1	?	?
1572	4	1	?	?
1573	4	1	?	?
1574	8	1	?	?
1575	4	1	?	?
1576	8	1	?	?
1577	4	1	?	?
1578	1	1	?	?
1579	8	1	?	?
1580	4	1	?	?
1581	4	1	?	?
1582	4	1	?	?
1583	8	1	?	?
1584	4	1	?	?
1585	8	1	?	?
1586	4	1	?	?
1587	1	1	?	?
1588	8	1	?	?
1589	4	1	?	?
1590	4	1	?	?
1591	4	1	?	?
1592	8	1	?	?
1593	4	1	?	?
1594	8	1	?	?
1595	4	1	?	?
1596	1	1	?	?
1597	8	1	?	?
1598	4	1	?	?
1599	4	1	?	?
1600	4	1	?	?
1601	8	1	?	?
1602	4	1	?	?
1603	8	1	?	?
1604	4	1	?	?
1605	1	1	?	?
1606	8	1	?	?
1607	4	1	?	?
1608	4	1	?	?
1609	4	1	?	?
1610	8	1	?	?
1611	4	1	?	?
1612	8	1	?	?
1613	4	1	?	?
1614	1	1	?	?
1615	8	1	?	?
1616	4	1	?	?
1617	4	1	?	?
1618	4	1	?	?
1619	8	1	?	?
1620	4	1	?	?
1621	8	1	?	?
1622	4	1	?	?
1623	1	1	?	?
1624	8	1	?	?
1625	4	1	?	?
1626	4	1	?	?
1627	4	1	?	?
1628	8	1	?	?
1629	4	1	?	?
1630	8	1	?	?
1631	4	1	?	?
1632	1	1	?	?
1633	8	1	?	?
1634	4	1	?	?
1635	4	1	?	?
1636	4	1	?	?
1637	8	1	?	?
1638	4	1	?	?
1639	8	1	?	?
1640	4	1	?	?
1641	1	1	?	?
1642	8	1	?	?
1643	4	1	?	?
1644	4	1	?	?
1645	4	1	?	?
1646	8	1	?	?
1647	4	1	?	?
1648	8	1	?	?
1649	4	1	?	?
1650	1	1	?	?
1651	8	1	?	?
1652	4	1	?	?
1653	4	1	?	?
1654	4	1	?	?
1655	8	1	?	?
1656	4	1	?	?
1657	8	1	?	?
1658	4	1	?	?
1659	1	1	?	?
1660	8	1	?	?
1661	4	1	?	?
1662	4	1	?	?
1663	4	1	?	?
1664	8	1	?	?
1665	4	1	?	?
1666	8	1	?	?
1667	4	1	?	?
1668	1	1	?	?
1669	8	1	?	?
1670	4	1	?	?
1671	4	1	?	?
1672	4	1	?	?
1673	8	1	?	?
1674	4	1	?	?
1675	8	1	?	?
1676	4	1	?	?
1677	1	1	?	?
1678	8	1	?	?
1679	4	1	?	?
1680	4	1	?	?
1681	4	1	?	?
1682	8	1	?	?
1683	4	1	?	?
1684	8	1	?	?
1685	4	1	?	?
1686	1	1	?	?
1687	8	1	?	?
1688	4	1	?	?
1689	4	1	?	?
1690	4	1	?	?
1691	8	1	?	?
1692	4	1	?	?
1693	8	1	?	?
1694	4	1	?	?
1695	1	1	?	?
1696	8	1	?	?
1697	4	1	?	?
1698	4	1	?	?
1699	4	1	?	?
1700	8	1	?	?
1701	4	1	?	?
1702	8	1	?	?
1703	4	1	?	?
1704	1	1	?	?
1705	8	1	?	?
1706	4	1	?	?
1707	4	1	?	?
1708	4	1	?	?
1709	8	1	?	?
1710	4	1	?	?
1711	8	1	?	?
1712	4	1	?	?
1713	1	1	?	?
1714	8	1	?	?
1715	4	1	?	?
1716	4	1	?	?
1717	4	1	?	?
1718	8	1	?	?
1719	4	1	?	?
1720	8	1	?	?
1721	4	1	?	?
1722	1	1	?	?
1723	8	1	?	?
1724	4	1	?	?
1725	4	1	?	?
1726	4	1	?	?
1727	8	1	?	?
1728	4	1	?	?
1729	8	1	?	?
1730	4	1	?	?
1731	1	1	?	?
1732	8	1	?	?
1733	4	1	?	?
1734	4	1	?	?
1735	4	1	?	?
1736	8	1	?	?
1737	4	1	?	?
1738	8	1	?	?
1739	4	1	?	?
1740	1	1	?	?
1741	8	1	?	?
1742	4	1	?	?
1743	4	1	?	?
1744	4	1	?	?
1745	8	1	?	?
1746	4	1	?	?
1747	8	1	?	?
1748	4	1	?	?
1749	1	1	?	?
1750	8	1	?	?
1751	4	1	?	?
1752	4	1	?	?
1753	4	1	?	?
1754	8	1	?	?
1755	4	1	?	?
1756	8	1	?	?
1757	4	1	?	?
1758	1	1	?	?
1759	8	1	?	?
1760	4	1	?	?
1761	4	1	?	?
1762	4	1	?	?
1763	8	1	?	?
1764	4	1	?	?
1765	8	1	?	?
1766	4	1	?	?
1767	1	1	?	?
1768	8	1	?	?
1769	4	1	?	?
1770	4	1	?	?
1771	4	1	?	?
1772	8	1	?	?
1773	4	1	?	?
1774	8	1	?	?
1775	4	1	?	?
1776	1	1	?	?
1777	8	1	?	?
1778	4	1	?	?
1779	4	1	?	?
1780	4	1	?	?
1781	8	1	?	?
1782	4	1	?	?
1783	8	1	?	?
1784	4	1	?	?
1785	1	1	?	?
1786	8	1	?	?
1787	4	1	?	?
1788	4	1	?	?
1789	4	1	?	?
1790	8	1	?	?
1791	4	1	?	?
1792	8	1	?	?
1793	4	1	?	?
1794	1	1	?	?
1795	8	1	?	?
1796	4	1	?	?
1797	4	1	?	?
1798	4	1	?	?
1799	8	1	?	?
1800	4	1	?	?
1801	8	1	?	?
1802	4	1	?	?
1803	1	1	?	?
1804	8	1	?	?
1805	4	1	?	?
1806	4	1	?	?
1807	4	1	?	?
1808	8	1	?	?
1809	4	1	?	?
1810	8	1	?	?
1811	4	1	?	?
1812	1	1	?	?
1813	8	1	?	?
1814	4	1	?	?
1815	4	1	?	?
1816	4	1	?	?
1817	8	1	?	?
1818	4	1	?	?
1819	8	1	?	?
1820	4	1	?	?
1821	1	1	?	?
1822	8	1	?	?
1823	4	1	?	?
1824	4	1	?	?
1825	4	1	?	?
1826	8	1	?	?
1827	4	1	?	?
1828	8	1	?	?
1829	4	1	?	?
1830	1	1	?	?
1831	8	1	?	?
1832	4	1	?	?
1833	4	1	?	?
1834	4	1	?	?
1835	8	1	?	?
1836	4	1	?	?
1837	8	1	?	?
1838	4	1	?	?
1839	1	1	?	?
1840	8	1	?	?
1841	4	1	?	?
1842	4	1	?	?
1843	4	1	?	?
1844	8	1	?	?
1845	4	1	?	?
1846	8	1	?	?
1847	4	1	?	?
1848	1	1	?	?
1849	8	1	?	?
1850	4	1	?	?
1851	4	1	?	?
1852	4	1	?	?
1853	8	1	?	?
1854	4	1	?	?
1855	8	1	?	?
1856	4	1	?	?
1857	1	1	?	?
1858	8	1	?	?
1859	4	1	?	?
1860	4	1	?	?
1861	4	1	?	?
1862	8	1	?	?
1863	4	1	?	?
1864	8	1	?	?
1865	4	1	?	?
1866	1	1	?	?
1867	8	1	?	?
1868	4	1	?	?
1869	4	1	?	?
1870	4	1	?	?
1871	8	1	?	?
1872	4	1	?	?
1873	8	1	?	?
1874	4	1	?	?
1875	1	1	?	?
1876	8	1	?	?
1877	4	1	?	?
1878	4	1	?	?
1879	4	1	?	?
1880	8	1	?	?
1881	4	1	?	?
1882	8	1	?	?
1883	4	1	?	?
1884	1	1	?	?
1885	8	1	?	?
1886	4	1	?	?
1887	4	1	?	?
1888	4	1	?	?
1889	8	1	?	?
1890	4	1	?	?
1891	8	1	?	?
1892	4	1	?	?
1893	1	1	?	?
1894	8	1	?	?
1895	4	1	?	?
1896	4	1	?	?
1897	4	1	?	?
1898	8	1	?	?
1899	4	1	?	?
1900	8	1	?	?
1901	4	1	?	?
1902	1	1	?	?
1903	8	1	?	?
1904	4	1	?	?
1905	4	1	?	?
1906	4	1	?	?
1907	8	1	?	?
1908	4	1	?	?
1909	8	1	?	?
1910	4	1	?	?
1911	1	1	?	?
1912	8	1	?	?
1913	4	1	?	?
1914	4	1	?	?
1915	4	1	?	?
1916	8	1	?	?
1917	4	1	?	?
1918	8	1	?	?
1919	4	1	?	?
1920	1	1	?	?
1921	8	1	?	?
1922	4	1	?	?
1923	4	1	?	?
1924	4	1	?	?
1925	8	1	?	?
1926	4	1	?	?
1927	8	1	?	?
1928	4	1	?	?
1929	1	1	?	?
1930	8	1	?	?
1931	4	1	?	?
1932	4	1	?	?
1933	4	1	?	?
1934	8	1	?	?
1935	4	1	?	?
1936	8	1	?	?
1937	4	1	?	?
1938	1	1	?	?
1939	8	1	?	?
1940	4	1	?	?
1941	4	1	?	?
1942	4	1	?	?
1943	8	1	?	?
1944	4	1	?	?
1945	8	1	?	?
1946	4	1	?	?
1947	1	1	?	?
1948	8	1	?	?
1949	4	1	?	?
1950	4	1	?	?
1951	4	1	?	?
1952	8	1	?	?
1953	4	1	?	?
1954	8	1	?	?
1955	4	1	?	?
1956	1	1	?	?
1957	8	1	?	?
1958	4	1	?	?
1959	4	1	?	?
1960	4	1	?	?
1961	8	1	?	?
1962	4	1	?	?
1963	8	1	?	?
1964	4	1	?	?
1965	1	1	?	?
1966	8	1	?	?
1967	4	1	?	?
1968	4	1	?	?
1969	4	1	?	?
1970	8	1	?	?
1971	4	1	?	?
1972	8	1	?	?
1973	4	1	?	?
1974	1	1	?	?
1975	8	1	?	?
1976	4	1	?	?
1977	4	1	?	?
1978	4	1	?	?
1979	8	1	?	?
1980	4	1	?	?
1981	8	1	?	?
1982	4	1	?	?
1983	1	1	?	?
1984	8	1	?	?
1985	4	1	?	?
1986	4	1	?	?
1987	4	1	?	?
1988	8	1	?	?
1989	4	1	?	?
1990	8	1	?	?
1991	4	1	?	?
1992	1	1	?	?
1993	8	1	?	?
1994	4	1	?	?
1995	4	1	?	?
1996	4	1	?	?
1997	8	1	?	?
1998	4	1	?	?
1999	8	1	?	?
2000	4	1	?	?
2001	1	1	?	?
2002	8	1	?	?
2003	4	1	?	?
2004	4	1	?	?
2005	4	1	?	?
2006	8	1	?	?
2007	4	1	?	?
2008	8	1	?	?
2009	4	1	?	?
2010	1	1	?	?
2011	8	1	?	?
2012	4	1	?	?
2013	4	1	?	?
2014	4	1	?	?
2015	8	1	?	?
2016	4	1	?	?
2017	8	1	?	?
2018	4	1	?	?
2019	1	1	?	?
2020	8	1	?	?
2021	4	1	?	?
2022	4	1	?	?
2023	4	1	?	?
2024	8	1	?	?
2025	4	1	?	?
2026	8	1	?	?
2027	4	1	?	?
2028	1	1	?	?
2029	8	1	?	?
2030	4	1	?	?
2031	4	1	?	?
2032	4	1	?	?
2033	8	1	?	?
2034	4	1	?	?
2035	8	1	?	?
2036	4	1	?	?
2037	1	1	?	?
2038	8	1	?	?
2039	4	1	?	?
2040	4	1	?	?
2041	4	1	?	?
2042	8	1	?	?
2043	4	1	?	?
2044	8	1	?	?
2045	4	1	?	?
2046	1	1	?	?
2047	8	1	?	?
2048	4	1	?	?
2049	4	1	?	?
2050	4	1	?	?
2051	8	1	?	?
2052	4	1	?	?
2053	8	1	?	?
2054	4	1	?	?
2055	1	1	?	?
2056	8	1	?	?
2057	4	1	?	?
2058	4	1	?	?
2059	4	1	?	?
2060	8	1	?	?
2061	4	1	?	?
2062	8	1	?	?
2063	4	1	?	?
2064	1	1	?	?
2065	8	1	?	?
2066	4	1	?	?
2067	4	1	?	?
2068	4	1	?	?
2069	8	1	?	?
2070	4	1	?	?
2071	8	1	?	?
2072	4	1	?	?
2073	1	1	?	?
2074	8	1	?	?
2075	4	1	?	?
2076	4	1	?	?
2077	4	1	?	?
2078	8	1	?	?
2079	4	1	?	?
2080	8	1	?	?
2081	4	1	?	?
2082	1	1	?	?
2083	8	1	?	?
2084	4	1	?	?
2085	4	1	?	?
2086	4	1	?	?
2087	8	1	?	?
2088	4	1	?	?
2089	8	1	?	?
2090	4	1	?	?
2091	1	1	?	?
2092	8	1	?	?
2093	4	1	?	?
2094	4	1	?	?
2095	4	1	?	?
2096	8	1	?	?
2097	4	1	?	?
2098	8	1	?	?
2099	4	1	?	?
2100	1	1	?	?
2101	8	1	?	?
2102	4	1	?	?
2103	4	1	?	?
2104	4	1	?	?
2105	8	1	?	?
2106	4	1	?	?
2107	8	1	?	?
2108	4	1	?	?
2109	1	1	?	?
2110	8	1	?	?
2111	4	1	?	?
2112	4	1	?	?
2113	4	1	?	?
2114	8	1	?	?
2115	4	1	?	?
2116	8	1	?	?
2117	4	1	?	?
2118	1	1	?	?
2119	8	1	?	?
2120	4	1	?	?
2121	4	1	?	?
2122	4	1	?	?
2123	8	1	?	?
2124	4	1	?	?
2125	8	1	?	?
2126	4	1	?	?
2127	1	1	?	?
2128	8	1	?	?
2129	4	1	?	?
2130	4	1	?	?
2131	4	1	?	?
2132	8	1	?	?
2133	4	1	?	?
2134	8	1	?	?
2135	4	1	?	?
2136	1	1	?	?
2137	8	1	?	?
2138	4	1	?	?
2139	4	1	?	?
2140	4	1	?	?
2141	8	1	?	?
2142	4	1	?	?
2143	8	1	?	?
2144	4	1	?	?
2145	1	1	?	?
2146	8	1	?	?
2147	4	1	?	?
2148	4	1	?	?
2149	4	1	?	?
2150	8	1	?	?
2151	4	1	?	?
2152	8	1	?	?
2153	4	1	?	?
2154	1	1	?	?
2155	8	1	?	?
2156	4	1	?	?
2157	4	1	?	?
2158	4	1	?	?
2159	8	1	?	?
2160	4	1	?	?
2161	8	1	?	?
2162	4	1	?	?
2163	1	1	?	?
2164	8	1	?	?
2165	4	1	?	?
2166	4	1	?	?
2167	4	1	?	?
2168	8	1	?	?
2169	4	1	?	?
2170	8	1	?	?
2171	4	1	?	?
2172	1	1	?	?
2173	8	1	?	?
2174	4	1	?	?
2175	4	1	?	?
2176	4	1	?	?
2177	8	1	?	?
2178	4	1	?	?
2179	8	1	?	?
2180	4	1	?	?
2181	1	1	?	?
2182	8	1	?	?
2183	4	1	?	?
2184	4	1	?	?
2185	4	1	?	?
2186	8	1	?	?
2187	4	1	?	?
2188	8	1	?	?
2189	4	1	?	?
2190	1	1	?	?
2191	8	1	?	?
2192	4	1	?	?
2193	4	1	?	?
2194	4	1	?	?
2195	8	1	?	?
2196	4	1	?	?
2197	8	1	?	?
2198	4	1	?	?
2199	1	1	?	?
2200	8	1	?	?
2201	4	1	?	?
2202	4	1	?	?
2203	4	1	?	?
2204	8	1	?	?
2205	4	1	?	?
2206	8	1	?	?
2207	4	1	?	?
2208	1	1	?	?
2209	8	1	?	?
2210	4	1	?	?
2211	4	1	?	?
2212	4	1	?	?
2213	8	1	?	?
2214	4	1	?	?
2215	8	1	?	?
2216	4	1	?	?
2217	1	1	?	?
2218	8	1	?	?
2219	4	1	?	?
2220	4	1	?	?
2221	4	1	?	?
2222	8	1	?	?
2223	4	1	?	?
2224	8	1	?	?
2225	4	1	?	?
2226	1	1	?	?
2227	8	1	?	?
2228	4	1	?	?
2229	4	1	?	?
2230	4	1	?	?
2231	8	1	?	?
2232	4	1	?	?
2233	8	1	?	?
2234	4	1	?	?
2235	1	1	?	?
2236	8	1	?	?
2237	4	1	?	?
2238	4	1	?	?
2239	4	1	?	?
2240	8	1	?	?
2241	4	1	?	?
2242	8	1	?	?
2243	4	1	?	?
2244	1	1	?	?
2245	8	1	?	?
2246	4	1	?	?
2247	4	1	?	?
2248	4	1	?	?
2249	8	1	?	?
2250	4	1	?	?
2251	8	1	?	?
2252	4	1	?	?
2253	1	1	?	?
2254	8	1	?	?
2255	4	1	?	?
2256	4	1	?	?
2257	4	1	?	?
2258	8	1	?	?
2259	4	1	?	?
2260	8	1	?	?
2261	4	1	?	?
2262	1	1	?	?
2263	8	1	?	?
2264	4	1	?	?
2265	4	1	?	?
2266	4	1	?	?
2267	8	1	?	?
2268	4	1	?	?
2269	8	1	?	?
2270	4	1	?	?
2271	1	1	?	?
2272	8	1	?	?
2273	4	1	?	?
2274	4	1	?	?
2275	4	1	?	?
2276	8	1	?	?
2277	4	1	?	?
2278	8	1	?	?
2279	4	1	?	?
2280	1	1	?	?
2281	8	1	?	?
2282	4	1	?	?
2283	4	1	?	?
2284	4	1	?	?
2285	8	1	?	?
2286	4	1	?	?
2287	8	1	?	?
2288	4	1	?	?
2289	1	1	?	?
2290	8	1	?	?
2291	4	1	?	?
2292	4	1	?	?
2293	4	1	?	?
2294	8	1	?	?
2295	4	1	?	?
2296	8	1	?	?
2297	4	1	?	?
2298	1	1	?	?
2299	8	1	?	?
2300	4	1	?	?
2301	4	1	?	?
2302	4	1	?	?
2303	8	1	?	?
2304	4	1	?	?
2305	8	1	?	?
2306	4	1	?	?
2307	1	1	?	?
2308	8	1	?	?
2309	4	1	?	?
2310	4	1	?	?
2311	4	1	?	?
2312	8	1	?	?
2313	4	1	?	?
2314	8	1	?	?
2315	4	1	?	?
2316	1	1	?	?
2317	8	1	?	?
2318	4	1	?	?
2319	4	1	?	?
2320	4	1	?	?
2321	8	1	?	?
2322	4	1	?	?
2323	8	1	?	?
2324	4	1	?	?
2325	1	1	?	?
2326	8	1	?	?
2327	4	1	?	?
2328	4	1	?	?
2329	4	1	?	?
2330	8	1	?	?
2331	4	1	?	?
2332	8	1	?	?
2333	4	1	?	?
2334	1	1	?	?
2335	8	1	?	?
2336	4	1	?	?
2337	4	1	?	?
2338	4	1	?	?
2339	8	1	?	?
2340	4	1	?	?
2341	8	1	?	?
2342	4	1	?	?
2343	1	1	?	?
2344	8	1	?	?
2345	4	1	?	?
2346	4	1	?	?
2347	4	1	?	?
2348	8	1	?	?
2349	4	1	?	?
2350	8	1	?	?
2351	4	1	?	?
2352	1	1	?	?
2353	8	1	?	?
2354	4	1	?	?
2355	4	1	?	?
2356	4	1	?	?
2357	8	1	?	?
2358	4	1	?	?
2359	8	1	?	?
2360	4	1	?	?
2361	1	1	?	?
2362	8	1	?	?
2363	4	1	?	?
2364	4	1	?	?
2365	4	1	?	?
2366	8	1	?	?
2367	4	1	?	?
2368	8	1	?	?
2369	4	1	?	?
2370	1	1	?	?
2371	8	1	?	?
2372	4	1	?	?
2373	4	1	?	?
2374	4	1	?	?
2375	8	1	?	?
2376	4	1	?	?
2377	8	1	?	?
2378	4	1	?	?
2379	1	1	?	?
2380	8	1	?	?
2381	4	1	?	?
2382	4	1	?	?
2383	4	1	?	?
2384	8	1	?	?
2385	4	1	?	?
2386	8	1	?	?
2387	4	1	?	?
2388	1	1	?	?
2389	8	1	?	?
2390	4	1	?	?
2391	4	1	?	?
2392	4	1	?	?
2393	8	1	?	?
2394	4	1	?	?
2395	8	1	?	?
2396	4	1	?	?
2397	1	1	?	?
2398	8	1	?	?
2399	4	1	?	?
2400	4	1	?	?
2401	4	1	?	?
2402	8	1	?	?
2403	4	1	?	?
2404	8	1	?	?
2405	4	1	?	?
2406	1	1	?	?
2407	8	1	?	?
2408	4	1	?	?
2409	4	1	?	?
2410	4	1	?	?
2411	8	1	?	?
2412	4	1	?	?
2413	8	1	?	?
2414	4	1	?	?
2415	1	1	?	?
2416	8	1	?	?
2417	4	1	?	?
2418	4	1	?	?
2419	4	1	?	?
2420	8	1	?	?
2421	4	1	?	?
2422	8	1	?	?
2423	4	1	?	?
2424	1	1	?	?
2425	8	1	?	?
2426	4	1	?	?
2427	4	1	?	?
2428	4	1	?	?
2429	8	1	?	?
2430	4	1	?	?
2431	8	1	?	?
2432	4	1	?	?
2433	1	1	?	?
2434	8	1	?	?
2435	4	1	?	?
2436	4	1	?	?
2437	4	1	?	?
2438	8	1	?	?
2439	4	1	?	?
2440	8	1	?	?
2441	4	1	?	?
2442	1	1	?	?
2443	8	1	?	?
2444	4	1	?	?
2445	4	1	?	?
2446	4	1	?	?
2447	8	1	?	?
2448	4	1	?	?
2449	8	1	?	?
2450	4	1	?	?
2451	1	1	?	?
2452	8	1	?	?
2453	4	1	?	?
2454	4	1	?	?
2455	4	1	?	?
2456	8	1	?	?
2457	4	1	?	?
2458	8	1	?	?
2459	4	1	?	?
2460	1	1	?	?
2461	8	1	?	?
2462	4	1	?	?
2463	4	1	?	?
2464	4	1	?	?
2465	8	1	?	?
2466	4	1	?	?
2467	8	1	?	?
2468	4	1	?	?
2469	1	1	?	?
2470	8	1	?	?
2471	4	1	?	?
2472	4	1	?	?
2473	4	1	?	?
2474	8	1	?	?
2475	4	1	?	?
2476	8	1	?	?
2477	4	1	?	?
2478	1	1	?	?
2479	8	1	?	?
2480	4	1	?	?
2481	4	1	?	?
2482	4	1	?	?
2483	8	1	?	?
2484	4	1	?	?
2485	8	1	?	?
2486	4	1	?	?
2487	1	1	?	?
2488	8	1	?	?
2489	4	1	?	?
2490	4	1	?	?
2491	4	1	?	?
2492	8	1	?	?
2493	4	1	?	?
2494	8	1	?	?
2495	4	1	?	?
2496	1	1	?	?
2497	8	1	?	?
2498	4	1	?	?
2499	4	1	?	?
2500	4	1	?	?
2501	8	1	?	?
2502	4	1	?	?
2503	8	1	?	?
2504	4	1	?	?
2505	1	1	?	?
2506	8	1	?	?
2507	4	1	?	?
2508	4	1	?	?
2509	4	1	?	?
2510	8	1	?	?
2511	4	1	?	?
2512	8	1	?	?
2513	4	1	?	?
2514	1	1	?	?
2515	8	1	?	?
2516	4	1	?	?
2517	4	1	?	?
2518	4	1	?	?
2519	8	1	?	?
2520	4	1	?	?
2521	8	1	?	?
2522	4	1	?	?
2523	1	1	?	?
2524	8	1	?	?
2525	4	1	?	?
2526	4	1	?	?
2527	4	1	?	?
2528	8	1	?	?
2529	4	1	?	?
2530	8	1	?	?
2531	4	1	?	?
2532	1	1	?	?
2533	8	1	?	?
2534	4	1	?	?
2535	4	1	?	?
2536	4	1	?	?
2537	8	1	?	?
2538	4	1	?	?
2539	8	1	?	?
2540	4	1	?	?
2541	1	1	?	?
2542	8	1	?	?
2543	4	1	?	?
2544	4	1	?	?
2545	4	1	?	?
2546	8	1	?	?
2547	4	1	?	?
2548	8	1	?	?
2549	4	1	?	?
2550	1	1	?	?
2551	8	1	?	?
2552	4	1	?	?
2553	4	1	?	?
2554	4	1	?	?
2555	8	1	?	?
2556	4	1	?	?
2557	8	1	?	?
2558	4	1	?	?
2559	1	1	?	?
2560	8	1	?	?
2561	4	1	?	?
2562	4	1	?	?
2563	4	1	?	?
2564	8	1	?	?
2565	4	1	?	?
2566	8	1	?	?
2567	4	1	?	?
2568	1	1	?	?
2569	8	1	?	?
2570	4	1	?	?
2571	4	1	?	?
2572	4	1	?	?
2573	8	1	?	?
2574	4	1	?	?
2575	8	1	?	?
2576	4	1	?	?
2577	1	1	?	?
2578	8	1	?	?
2579	4	1	?	?
2580	4	1	?	?
2581	4	1	?	?
2582	8	1	?	?
2583	4	1	?	?
2584	8	1	?	?
2585	4	1	?	?
2586	1	1	?	?
2587	8	1	?	?
2588	4	1	?	?
2589	4	1	?	?
2590	4	1	?	?
2591	8	1	?	?
2592	4	1	?	?
2593	8	1	?	?
2594	4	1	?	?
2595	1	1	?	?
2596	8	1	?	?
2597	4	1	?	?
2598	4	1	?	?
2599	4	1	?	?
2600	8	1	?	?
2601	4	1	?	?
2602	8	1	?	?
2603	4	1	?	?
