# MAME 0.289 sexyparoa: save-state registry, file order
# signature 284103f5
# index	size	count	device	name  (? = no device: timer, stream, global)
0	8	1	?	?
1	2	1	?	?
2	2	1	?	?
3	2	1	?	?
4	1	1	?	?
5	1	16	?	?
6	4	1	?	?
7	2	1	?	?
8	2	1	?	?
9	2	1	?	?
10	1	1	?	?
11	8	1	:k054338	0/m_clock_scale
12	2	32	:k054338	0/m_regs
13	4	9	:k054338	0/m_shd_rgb
14	4	1	:k054338	0/m_unscaled_clock
15	4	1	:k054539_1	0/m_bank_count
16	8	1	:k054539_1	0/m_clock_scale
17	4	1	:k054539_1	0/m_cur_bank
18	4	1	:k054539_1	0/m_cur_ptr
19	4	1	:k054539_1	0/m_flags
20	8	8	:k054539_1	0/m_gain
21	8	15	:k054539_1	0/m_pantab
22	1	24	:k054539_1	0/m_posreg_latch
23	1	32768	:k054539_1	0/m_ram
24	1	560	:k054539_1	0/m_regs
25	4	1	:k054539_1	0/m_reverb_pos
26	4	1	:k054539_1	0/m_rom_addr
27	4	1	:k054539_1	0/m_timer_state
28	4	1	:k054539_1	0/m_unscaled_clock
29	8	256	:k054539_1	0/m_voltab
30	4	1	:k054539_2	0/m_bank_count
31	8	1	:k054539_2	0/m_clock_scale
32	4	1	:k054539_2	0/m_cur_bank
33	4	1	:k054539_2	0/m_cur_ptr
34	4	1	:k054539_2	0/m_flags
35	8	8	:k054539_2	0/m_gain
36	8	15	:k054539_2	0/m_pantab
37	1	24	:k054539_2	0/m_posreg_latch
38	1	32768	:k054539_2	0/m_ram
39	1	560	:k054539_2	0/m_regs
40	4	1	:k054539_2	0/m_reverb_pos
41	4	1	:k054539_2	0/m_rom_addr
42	4	1	:k054539_2	0/m_timer_state
43	4	1	:k054539_2	0/m_unscaled_clock
44	8	256	:k054539_2	0/m_voltab
45	8	1	:k055555	0/m_clock_scale
46	1	128	:k055555	0/m_regs
47	4	1	:k055555	0/m_unscaled_clock
48	8	1	:k055673	0/m_clock_scale
49	1	8	:k055673	0/m_kx46_regs
50	2	16	:k055673	0/m_kx47_regs
51	1	1	:k055673	0/m_objcha_line
52	2	8192	:k055673	0/m_ram
53	4	1	:k055673	0/m_unscaled_clock
54	8	1	:k056800	0/m_clock_scale
55	1	4	:k056800	0/m_host_to_snd_regs
56	1	1	:k056800	0/m_int_enabled
57	1	1	:k056800	0/m_int_pending
58	1	2	:k056800	0/m_snd_to_host_regs
59	4	1	:k056800	0/m_unscaled_clock
60	4	1	:k056832	0/m_active_layer
61	1	16	:k056832	0/m_all_lines_dirty
62	8	1	:k056832	0/m_clock_scale
63	4	1	:k056832	0/m_cur_gfx_banks
64	4	1	:k056832	0/m_cur_tile_bank
65	4	1	:k056832	0/m_default_layer_association
66	4	8	:k056832	0/m_dx
67	4	8	:k056832	0/m_dy
68	4	8	:k056832	0/m_h
69	4	16	:k056832	0/m_last_colorbase
70	4	16	:k056832	0/m_layer_assoc_with_page
71	4	1	:k056832	0/m_layer_association
72	4	16	:k056832	0/m_layer_offs
73	1	8	:k056832	0/m_layer_tile_mode
74	4	128	:k056832	0/m_line_dirty
75	1	1	:k056832	0/m_linemap_enabled
76	4	16	:k056832	0/m_lsram_page
77	1	16	:k056832	0/m_page_tile_mode
78	2	32	:k056832	0/m_regs
79	2	4	:k056832	0/m_regsb
80	4	1	:k056832	0/m_rom_half
81	4	1	:k056832	0/m_unscaled_clock
82	1	1	:k056832	0/m_use_ext_linescroll
83	1	1	:k056832	0/m_uses_tile_banks
84	2	69632	:k056832	0/m_videoram
85	4	8	:k056832	0/m_w
86	4	8	:k056832	0/m_x
87	4	8	:k056832	0/m_y
88	2	1	:soundcpu	0/m_alub
89	2	1	:soundcpu	0/m_alue
90	2	1	:soundcpu	0/m_aluo
91	4	1	:soundcpu	0/m_aob
92	4	1	:soundcpu	0/m_at
93	4	1	:soundcpu	0/m_au
94	2	1	:soundcpu	0/m_base_ssw
95	4	1	:soundcpu	0/m_bcount
96	8	1	:soundcpu	0/m_clock_scale
97	4	1	:soundcpu	0/m_count_before_instruction_step
98	4	17	:soundcpu	0/m_da
99	2	1	:soundcpu	0/m_dbin
100	2	1	:soundcpu	0/m_dbout
101	1	1	:soundcpu	0/m_dcr
102	4	1	:soundcpu	0/m_dt
103	1	1	:soundcpu	0/m_eatcycles
104	2	1	:soundcpu	0/m_edb
105	2	1	:soundcpu	0/m_ftu
106	1	67	:soundcpu	0/m_input.m_curstate
107	4	67	:soundcpu	0/m_input.m_curvector
108	4	67	:soundcpu	0/m_input.m_stored_vector
109	2	1	:soundcpu	0/m_inst_state
110	2	1	:soundcpu	0/m_inst_substate
111	4	1	:soundcpu	0/m_int_level
112	4	1	:soundcpu	0/m_int_next_state
113	4	1	:soundcpu	0/m_int_vector
114	4	1	:soundcpu	0/m_ipc
115	2	1	:soundcpu	0/m_ir
116	2	1	:soundcpu	0/m_irc
117	2	1	:soundcpu	0/m_ird
118	2	1	:soundcpu	0/m_irdi
119	2	1	:soundcpu	0/m_isr
120	8	1	:soundcpu	0/m_last_vpa_time
121	8	1	:soundcpu	0/m_localtime.attoseconds
122	4	1	:soundcpu	0/m_localtime.seconds
123	2	1	:soundcpu	0/m_movemr
124	4	1	:soundcpu	0/m_movems
125	2	1	:soundcpu	0/m_new_sr
126	4	1	:soundcpu	0/m_next_state
127	1	1	:soundcpu	0/m_nexteatcycles
128	4	1	:soundcpu	0/m_nextsuspend
129	4	1	:soundcpu	0/m_nmi_pending
130	1	1	:soundcpu	0/m_nmi_uses_generic
131	4	1	:soundcpu	0/m_pc
132	4	1	:soundcpu	0/m_post_run
133	4	1	:soundcpu	0/m_post_run_cycles
134	4	1	:soundcpu	0/m_sp
135	2	1	:soundcpu	0/m_sr
136	2	1	:soundcpu	0/m_ssw
137	4	1	:soundcpu	0/m_suspend
138	4	1	:soundcpu	0/m_t
139	8	1	:soundcpu	0/m_totalcycles
140	4	1	:soundcpu	0/m_trigger
141	4	1	:soundcpu	0/m_unscaled_clock
142	4	1	:soundcpu	0/m_virq_state
143	4	16	:maincpu	0/REG_D()
144	4	1	:maincpu	0/REG_ISP()
145	4	1	:maincpu	0/REG_MSP()
146	4	1	:maincpu	0/REG_USP()
147	4	1	:maincpu	0/m_caar
148	4	1	:maincpu	0/m_cacr
149	1	1	:maincpu	0/m_can_instruction_restart
150	8	1	:maincpu	0/m_clock_scale
151	4	1	:maincpu	0/m_dfc
152	1	1	:maincpu	0/m_eatcycles
153	1	1	:maincpu	0/m_emmu_enabled
154	4	1	:maincpu	0/m_fpcr
155	4	1	:maincpu	0/m_fpiar
156	2	8	:maincpu	0/m_fpr.signExp
157	8	8	:maincpu	0/m_fpr.signif
158	4	1	:maincpu	0/m_fpsr
159	1	1	:maincpu	0/m_fpu_just_reset
160	1	1	:maincpu	0/m_has_hmmu
161	1	1	:maincpu	0/m_has_pmmu
162	4	1	:maincpu	0/m_hmmu_enabled
163	1	67	:maincpu	0/m_input.m_curstate
164	4	67	:maincpu	0/m_input.m_curvector
165	4	67	:maincpu	0/m_input.m_stored_vector
166	4	1	:maincpu	0/m_int_level
167	8	1	:maincpu	0/m_localtime.attoseconds
168	4	1	:maincpu	0/m_localtime.seconds
169	4	1	:maincpu	0/m_mmu_acr0
170	4	1	:maincpu	0/m_mmu_acr1
171	4	1	:maincpu	0/m_mmu_acr2
172	4	1	:maincpu	0/m_mmu_acr3
173	4	22	:maincpu	0/m_mmu_atc_data
174	4	1	:maincpu	0/m_mmu_atc_rr
175	4	22	:maincpu	0/m_mmu_atc_tag
176	4	1	:maincpu	0/m_mmu_crp_aptr
177	4	1	:maincpu	0/m_mmu_crp_limit
178	4	1	:maincpu	0/m_mmu_dtt0
179	4	1	:maincpu	0/m_mmu_dtt1
180	4	1	:maincpu	0/m_mmu_itt0
181	4	1	:maincpu	0/m_mmu_itt1
182	4	1	:maincpu	0/m_mmu_last_page_entry
183	4	1	:maincpu	0/m_mmu_last_page_entry_addr
184	2	1	:maincpu	0/m_mmu_sr
185	4	1	:maincpu	0/m_mmu_sr_040
186	4	1	:maincpu	0/m_mmu_srp_aptr
187	4	1	:maincpu	0/m_mmu_srp_limit
188	4	1	:maincpu	0/m_mmu_tc
189	4	1	:maincpu	0/m_mmu_tt0
190	4	1	:maincpu	0/m_mmu_tt1
191	4	1	:maincpu	0/m_mmu_urp_aptr
192	1	1	:maincpu	0/m_nexteatcycles
193	4	1	:maincpu	0/m_nextsuspend
194	4	1	:maincpu	0/m_nmi_pending
195	4	1	:maincpu	0/m_pc
196	1	1	:maincpu	0/m_pmmu_enabled
197	4	1	:maincpu	0/m_ppc
198	4	1	:maincpu	0/m_pref_addr
199	4	1	:maincpu	0/m_pref_data
200	4	1	:maincpu	0/m_reset_cycles
201	1	1	:maincpu	0/m_restart_instruction
202	1	1	:maincpu	0/m_save_halted
203	2	1	:maincpu	0/m_save_sr
204	1	1	:maincpu	0/m_save_stopped
205	4	1	:maincpu	0/m_sfc
206	4	1	:maincpu	0/m_suspend
207	8	1	:maincpu	0/m_totalcycles
208	4	1	:maincpu	0/m_trigger
209	4	1	:maincpu	0/m_unscaled_clock
210	4	1	:maincpu	0/m_vbr
211	4	1	:maincpu	0/m_virq_state
212	4	1	:eeprom	0/m_address
213	4	1	:eeprom	0/m_bits_accum
214	1	1	:eeprom	0/m_clk_state
215	8	1	:eeprom	0/m_clock_scale
216	1	1	:eeprom	0/m_command
217	4	1	:eeprom	0/m_command_address_accum
218	8	1	:eeprom	0/m_completion_time.attoseconds
219	4	1	:eeprom	0/m_completion_time.seconds
220	1	1	:eeprom	0/m_cs_state
221	1	128	:eeprom	0/m_data
222	1	1	:eeprom	0/m_di_state
223	8	1	:eeprom	0/m_last_cs_rising_edge_time.attoseconds
224	4	1	:eeprom	0/m_last_cs_rising_edge_time.seconds
225	1	1	:eeprom	0/m_locked
226	1	1	:eeprom	0/m_oe_state
227	4	1	:eeprom	0/m_shift_register
228	1	1	:eeprom	0/m_state
229	4	1	:eeprom	0/m_unscaled_clock
230	1	3	:	0/m_brightness
231	8	1	:	0/m_clock_scale
232	1	1	:	0/m_current_brightness
233	1	1	:	0/m_flip_screen_x
234	1	1	:	0/m_flip_screen_y
235	4	1	:	0/m_gx_rdport1_3
236	2	2048	:	0/m_gx_spriteram
237	4	1	:	0/m_gx_syncen
238	4	8	:	0/m_gx_tilebanks
239	1	1	:	0/m_gx_wrport1_0
240	1	1	:	0/m_gx_wrport1_1
241	2	1	:	0/m_gx_wrport2
242	4	1	:	0/m_k053247_coreg
243	4	1	:	0/m_k053247_coregshift
244	4	1	:	0/m_k053247_opset
245	4	4	:	0/m_k053247_vrcbk
246	1	1	:	0/m_last_alpha_tile_mix_code
247	4	1	:	0/m_ocblk
248	4	1	:	0/m_oinprion
249	4	1	:	0/m_opri
250	4	1	:	0/m_osinmix
251	4	1	:	0/m_osmixon
252	1	1	:	0/m_prev_pixel_clock
253	1	1	:	0/m_sound_ctrl
254	1	1	:	0/m_sound_intck
255	4	1	:	0/m_suspension_active
256	4	1	:	0/m_unscaled_clock
257	4	6	:	0/m_vcblk
258	4	1	:	0/m_vinmix
259	4	1	:	0/m_vmixon
260	8	1	:speaker	0/m_clock_scale
261	4	1	:speaker	0/m_unscaled_clock
262	4	1	:dasp	0/aacc
263	1	1	:dasp	0/allow_update
264	1	1	:dasp	0/ba0
265	1	1	:dasp	0/ba1
266	1	1	:dasp	0/ca
267	4	256	:dasp	0/cmem
268	4	1	:dasp	0/creg
269	4	256	:dasp	0/dmem0
270	4	32	:dasp	0/dmem1
271	1	1	:dasp	0/hidx
272	1	4	:dasp	0/host
273	1	1	:dasp	0/id
274	8	1	:dasp	0/m_clock_scale
275	1	1	:dasp	0/m_eatcycles
276	1	67	:dasp	0/m_input.m_curstate
277	4	67	:dasp	0/m_input.m_curvector
278	4	67	:dasp	0/m_input.m_stored_vector
279	8	1	:dasp	0/m_localtime.attoseconds
280	4	1	:dasp	0/m_localtime.seconds
281	1	1	:dasp	0/m_nexteatcycles
282	4	1	:dasp	0/m_nextsuspend
283	4	1	:dasp	0/m_suspend
284	8	1	:dasp	0/m_totalcycles
285	4	1	:dasp	0/m_trigger
286	4	1	:dasp	0/m_unscaled_clock
287	8	1	:dasp	0/macc
288	8	1	:dasp	0/macc_read
289	8	1	:dasp	0/macc_write
290	1	1	:dasp	0/pc
291	1	1	:dasp	0/rptc
292	1	1	:dasp	0/rptc_next
293	1	1	:dasp	0/sa
294	4	4	:dasp	0/si
295	4	4	:dasp	0/so
296	4	1	:dasp	0/st0
297	4	1	:dasp	0/st1
298	4	1	:dasp	0/sti
299	4	1	:dasp	0/txrd
300	4	16	:dasp	0/update
301	1	1	:dasp	0/update_counter_head
302	1	1	:dasp	0/update_counter_tail
303	4	1	:dasp	0/xba
304	4	1	:dasp	0/xm_adr
305	4	1	:dasp	0/xoa
306	4	1	:dasp	0/xrd
307	4	1	:dasp	0/xwr
308	1	1	:screen	0/m_brightness
309	8	1	:screen	0/m_clock_scale
310	8	1	:screen	0/m_frame_number
311	8	1	:screen	0/m_frame_period
312	4	1	:screen	0/m_height
313	8	1	:screen	0/m_last_partial_reset.attoseconds
314	4	1	:screen	0/m_last_partial_reset.seconds
315	4	1	:screen	0/m_last_partial_scan
316	8	1	:screen	0/m_pixeltime
317	8	1	:screen	0/m_scantime
318	4	1	:screen	0/m_unscaled_clock
319	8	1	:screen	0/m_vblank_end_time.attoseconds
320	4	1	:screen	0/m_vblank_end_time.seconds
321	8	1	:screen	0/m_vblank_period
322	8	1	:screen	0/m_vblank_start_time.attoseconds
323	4	1	:screen	0/m_vblank_start_time.seconds
324	4	1	:screen	0/m_visarea.max_x
325	4	1	:screen	0/m_visarea.max_y
326	4	1	:screen	0/m_visarea.min_x
327	4	1	:screen	0/m_visarea.min_y
328	4	1	:screen	0/m_width
329	8	1	?	?
330	4	1	?	?
331	4	8	?	?
332	4	8	?	?
333	4	1	?	?
334	8	1	?	?
335	4	1	?	?
336	4	8	?	?
337	4	1	?	?
338	4	256	:dasp	0/0-ff
339	1	262144	:dasp	1/0-3ffff
340	4	1	?	?
341	4	1	?	?
342	4	8192	:maincpu	0/:palette
343	4	32768	:maincpu	0/:workram
344	2	32768	:soundcpu	0/100000-10ffff
345	4	1	:	0/save_data
346	8	1	:palette	0/m_clock_scale
347	8	1	:palette	0/m_highlight_factor
348	4	8192	:palette	0/m_save_contrast
349	4	8192	:palette	0/m_save_pen
350	8	1	:palette	0/m_shadow_factor
351	4	1	:palette	0/m_shadow_mode
352	4	1	:palette	0/m_unscaled_clock
353	4	48000	?	?
354	4	1	?	?
355	4	1	?	?
356	8	1	?	?
357	4	1	?	?
358	4	48000	?	?
359	4	48000	?	?
360	4	48000	?	?
361	4	1	?	?
362	4	1	?	?
363	8	1	?	?
364	4	1	?	?
365	4	48000	?	?
366	4	1	?	?
367	4	1	?	?
368	8	1	?	?
369	4	1	?	?
370	4	48000	?	?
371	4	48000	?	?
372	4	1	?	?
373	4	1	?	?
374	8	1	?	?
375	4	1	?	?
376	4	48000	?	?
377	4	4	?	?
378	4	4	?	?
379	4	1	?	?
380	8	1	?	?
381	4	1	?	?
382	4	1	?	?
383	4	1	?	?
384	4	1	?	?
385	4	1	?	?
386	4	2	?	?
387	4	1	?	?
388	8	1	?	?
389	4	1	?	?
390	4	1	?	?
391	4	1	?	?
392	4	1	?	?
393	4	1	?	?
394	4	1	?	?
395	4	1	?	?
396	4	1	?	?
397	4	1	?	?
398	4	2	?	?
399	4	1	?	?
400	8	1	?	?
401	4	1	?	?
402	4	2	?	?
403	4	1	?	?
404	8	1	?	?
405	4	1	?	?
406	1	1	?	?
407	4	512	?	?
408	4	1	?	?
409	4	1	?	?
410	4	1	?	?
411	4	1	?	?
412	1	1	?	?
413	4	1	?	?
414	4	256	?	?
415	4	1	?	?
416	4	1	?	?
417	1	1	?	?
418	4	512	?	?
419	4	1	?	?
420	4	1	?	?
421	4	1	?	?
422	4	1	?	?
423	1	1	?	?
424	4	1	?	?
425	4	256	?	?
426	4	1	?	?
427	4	1	?	?
428	1	1	?	?
429	4	512	?	?
430	4	1	?	?
431	4	1	?	?
432	4	1	?	?
433	4	1	?	?
434	1	1	?	?
435	4	1	?	?
436	4	256	?	?
437	4	1	?	?
438	4	1	?	?
439	1	1	?	?
440	4	512	?	?
441	4	1	?	?
442	4	1	?	?
443	4	1	?	?
444	4	1	?	?
445	1	1	?	?
446	4	1	?	?
447	4	256	?	?
448	4	1	?	?
449	4	1	?	?
450	1	1	?	?
451	4	512	?	?
452	4	1	?	?
453	4	1	?	?
454	4	1	?	?
455	4	1	?	?
456	1	1	?	?
457	4	1	?	?
458	4	256	?	?
459	4	1	?	?
460	4	1	?	?
461	1	1	?	?
462	4	512	?	?
463	4	1	?	?
464	4	1	?	?
465	4	1	?	?
466	4	1	?	?
467	1	1	?	?
468	4	1	?	?
469	4	256	?	?
470	4	1	?	?
471	4	1	?	?
472	1	1	?	?
473	4	512	?	?
474	4	1	?	?
475	4	1	?	?
476	4	1	?	?
477	4	1	?	?
478	1	1	?	?
479	4	1	?	?
480	4	256	?	?
481	4	1	?	?
482	4	1	?	?
483	1	1	?	?
484	4	512	?	?
485	4	1	?	?
486	4	1	?	?
487	4	1	?	?
488	4	1	?	?
489	1	1	?	?
490	4	1	?	?
491	4	256	?	?
492	4	1	?	?
493	4	1	?	?
494	1	1	?	?
495	4	512	?	?
496	4	1	?	?
497	4	1	?	?
498	4	1	?	?
499	4	1	?	?
500	1	1	?	?
501	4	1	?	?
502	4	256	?	?
503	4	1	?	?
504	4	1	?	?
505	1	1	?	?
506	4	512	?	?
507	4	1	?	?
508	4	1	?	?
509	4	1	?	?
510	4	1	?	?
511	1	1	?	?
512	4	1	?	?
513	4	256	?	?
514	4	1	?	?
515	4	1	?	?
516	1	1	?	?
517	4	512	?	?
518	4	1	?	?
519	4	1	?	?
520	4	1	?	?
521	4	1	?	?
522	1	1	?	?
523	4	1	?	?
524	4	256	?	?
525	4	1	?	?
526	4	1	?	?
527	1	1	?	?
528	4	512	?	?
529	4	1	?	?
530	4	1	?	?
531	4	1	?	?
532	4	1	?	?
533	1	1	?	?
534	4	1	?	?
535	4	256	?	?
536	4	1	?	?
537	4	1	?	?
538	1	1	?	?
539	4	512	?	?
540	4	1	?	?
541	4	1	?	?
542	4	1	?	?
543	4	1	?	?
544	1	1	?	?
545	4	1	?	?
546	4	256	?	?
547	4	1	?	?
548	4	1	?	?
549	1	1	?	?
550	4	512	?	?
551	4	1	?	?
552	4	1	?	?
553	4	1	?	?
554	4	1	?	?
555	1	1	?	?
556	4	1	?	?
557	4	256	?	?
558	4	1	?	?
559	4	1	?	?
560	1	1	?	?
561	4	512	?	?
562	4	1	?	?
563	4	1	?	?
564	4	1	?	?
565	4	1	?	?
566	1	1	?	?
567	4	1	?	?
568	4	256	?	?
569	4	1	?	?
570	4	1	?	?
571	1	1	?	?
572	4	512	?	?
573	4	1	?	?
574	4	1	?	?
575	4	1	?	?
576	4	1	?	?
577	1	1	?	?
578	4	1	?	?
579	4	256	?	?
580	4	1	?	?
581	4	1	?	?
582	1	1	?	?
583	8	1	?	?
584	4	1	?	?
585	4	1	?	?
586	4	1	?	?
587	8	1	?	?
588	4	1	?	?
589	8	1	?	?
590	4	1	?	?
591	1	1	?	?
592	8	1	?	?
593	4	1	?	?
594	4	1	?	?
595	4	1	?	?
596	8	1	?	?
597	4	1	?	?
598	8	1	?	?
599	4	1	?	?
600	1	1	?	?
601	8	1	?	?
602	4	1	?	?
603	4	1	?	?
604	4	1	?	?
605	8	1	?	?
606	4	1	?	?
607	8	1	?	?
608	4	1	?	?
609	1	1	?	?
610	8	1	?	?
611	4	1	?	?
612	4	1	?	?
613	4	1	?	?
614	8	1	?	?
615	4	1	?	?
616	8	1	?	?
617	4	1	?	?
618	1	1	?	?
619	8	1	?	?
620	4	1	?	?
621	4	1	?	?
622	4	1	?	?
623	8	1	?	?
624	4	1	?	?
625	8	1	?	?
626	4	1	?	?
627	1	1	?	?
628	8	1	?	?
629	4	1	?	?
630	4	1	?	?
631	4	1	?	?
632	8	1	?	?
633	4	1	?	?
634	8	1	?	?
635	4	1	?	?
636	1	1	?	?
637	8	1	?	?
638	4	1	?	?
639	4	1	?	?
640	4	1	?	?
641	8	1	?	?
642	4	1	?	?
643	8	1	?	?
644	4	1	?	?
645	1	1	?	?
646	8	1	?	?
647	4	1	?	?
648	4	1	?	?
649	4	1	?	?
650	8	1	?	?
651	4	1	?	?
652	8	1	?	?
653	4	1	?	?
654	1	1	?	?
655	8	1	?	?
656	4	1	?	?
657	4	1	?	?
658	4	1	?	?
659	8	1	?	?
660	4	1	?	?
661	8	1	?	?
662	4	1	?	?
663	1	1	?	?
664	8	1	?	?
665	4	1	?	?
666	4	1	?	?
667	4	1	?	?
668	8	1	?	?
669	4	1	?	?
670	8	1	?	?
671	4	1	?	?
672	1	1	?	?
673	8	1	?	?
674	4	1	?	?
675	4	1	?	?
676	4	1	?	?
677	8	1	?	?
678	4	1	?	?
679	8	1	?	?
680	4	1	?	?
681	1	1	?	?
682	8	1	?	?
683	4	1	?	?
684	4	1	?	?
685	4	1	?	?
686	8	1	?	?
687	4	1	?	?
688	8	1	?	?
689	4	1	?	?
690	1	1	?	?
691	8	1	?	?
692	4	1	?	?
693	4	1	?	?
694	4	1	?	?
695	8	1	?	?
696	4	1	?	?
697	8	1	?	?
698	4	1	?	?
699	1	1	?	?
700	8	1	?	?
701	4	1	?	?
702	4	1	?	?
703	4	1	?	?
704	8	1	?	?
705	4	1	?	?
706	8	1	?	?
707	4	1	?	?
708	1	1	?	?
709	8	1	?	?
710	4	1	?	?
711	4	1	?	?
712	4	1	?	?
713	8	1	?	?
714	4	1	?	?
715	8	1	?	?
716	4	1	?	?
717	1	1	?	?
718	8	1	?	?
719	4	1	?	?
720	4	1	?	?
721	4	1	?	?
722	8	1	?	?
723	4	1	?	?
724	8	1	?	?
725	4	1	?	?
726	1	1	?	?
727	8	1	?	?
728	4	1	?	?
729	4	1	?	?
730	4	1	?	?
731	8	1	?	?
732	4	1	?	?
733	8	1	?	?
734	4	1	?	?
735	1	1	?	?
736	8	1	?	?
737	4	1	?	?
738	4	1	?	?
739	4	1	?	?
740	8	1	?	?
741	4	1	?	?
742	8	1	?	?
743	4	1	?	?
744	1	1	?	?
745	8	1	?	?
746	4	1	?	?
747	4	1	?	?
748	4	1	?	?
749	8	1	?	?
750	4	1	?	?
751	8	1	?	?
752	4	1	?	?
753	1	1	?	?
754	8	1	?	?
755	4	1	?	?
756	4	1	?	?
757	4	1	?	?
758	8	1	?	?
759	4	1	?	?
760	8	1	?	?
761	4	1	?	?
762	1	1	?	?
763	8	1	?	?
764	4	1	?	?
765	4	1	?	?
766	4	1	?	?
767	8	1	?	?
768	4	1	?	?
769	8	1	?	?
770	4	1	?	?
771	1	1	?	?
772	8	1	?	?
773	4	1	?	?
774	4	1	?	?
775	4	1	?	?
776	8	1	?	?
777	4	1	?	?
778	8	1	?	?
779	4	1	?	?
780	1	1	?	?
781	8	1	?	?
782	4	1	?	?
783	4	1	?	?
784	4	1	?	?
785	8	1	?	?
786	4	1	?	?
787	8	1	?	?
788	4	1	?	?
789	1	1	?	?
790	8	1	?	?
791	4	1	?	?
792	4	1	?	?
793	4	1	?	?
794	8	1	?	?
795	4	1	?	?
796	8	1	?	?
797	4	1	?	?
798	1	1	?	?
799	8	1	?	?
800	4	1	?	?
801	4	1	?	?
802	4	1	?	?
803	8	1	?	?
804	4	1	?	?
805	8	1	?	?
806	4	1	?	?
807	1	1	?	?
808	8	1	?	?
809	4	1	?	?
810	4	1	?	?
811	4	1	?	?
812	8	1	?	?
813	4	1	?	?
814	8	1	?	?
815	4	1	?	?
816	1	1	?	?
817	8	1	?	?
818	4	1	?	?
819	4	1	?	?
820	4	1	?	?
821	8	1	?	?
822	4	1	?	?
823	8	1	?	?
824	4	1	?	?
825	1	1	?	?
826	8	1	?	?
827	4	1	?	?
828	4	1	?	?
829	4	1	?	?
830	8	1	?	?
831	4	1	?	?
832	8	1	?	?
833	4	1	?	?
834	1	1	?	?
835	8	1	?	?
836	4	1	?	?
837	4	1	?	?
838	4	1	?	?
839	8	1	?	?
840	4	1	?	?
841	8	1	?	?
842	4	1	?	?
843	1	1	?	?
844	8	1	?	?
845	4	1	?	?
846	4	1	?	?
847	4	1	?	?
848	8	1	?	?
849	4	1	?	?
850	8	1	?	?
851	4	1	?	?
852	1	1	?	?
853	8	1	?	?
854	4	1	?	?
855	4	1	?	?
856	4	1	?	?
857	8	1	?	?
858	4	1	?	?
859	8	1	?	?
860	4	1	?	?
861	1	1	?	?
862	8	1	?	?
863	4	1	?	?
864	4	1	?	?
865	4	1	?	?
866	8	1	?	?
867	4	1	?	?
868	8	1	?	?
869	4	1	?	?
870	1	1	?	?
871	8	1	?	?
872	4	1	?	?
873	4	1	?	?
874	4	1	?	?
875	8	1	?	?
876	4	1	?	?
877	8	1	?	?
878	4	1	?	?
879	1	1	?	?
880	8	1	?	?
881	4	1	?	?
882	4	1	?	?
883	4	1	?	?
884	8	1	?	?
885	4	1	?	?
886	8	1	?	?
887	4	1	?	?
888	1	1	?	?
889	8	1	?	?
890	4	1	?	?
891	4	1	?	?
892	4	1	?	?
893	8	1	?	?
894	4	1	?	?
895	8	1	?	?
896	4	1	?	?
897	1	1	?	?
898	8	1	?	?
899	4	1	?	?
900	4	1	?	?
901	4	1	?	?
902	8	1	?	?
903	4	1	?	?
904	8	1	?	?
905	4	1	?	?
906	1	1	?	?
907	8	1	?	?
908	4	1	?	?
909	4	1	?	?
910	4	1	?	?
911	8	1	?	?
912	4	1	?	?
913	8	1	?	?
914	4	1	?	?
915	1	1	?	?
916	8	1	?	?
917	4	1	?	?
918	4	1	?	?
919	4	1	?	?
920	8	1	?	?
921	4	1	?	?
922	8	1	?	?
923	4	1	?	?
924	1	1	?	?
925	8	1	?	?
926	4	1	?	?
927	4	1	?	?
928	4	1	?	?
929	8	1	?	?
930	4	1	?	?
931	8	1	?	?
932	4	1	?	?
933	1	1	?	?
934	8	1	?	?
935	4	1	?	?
936	4	1	?	?
937	4	1	?	?
938	8	1	?	?
939	4	1	?	?
940	8	1	?	?
941	4	1	?	?
942	1	1	?	?
943	8	1	?	?
944	4	1	?	?
945	4	1	?	?
946	4	1	?	?
947	8	1	?	?
948	4	1	?	?
949	8	1	?	?
950	4	1	?	?
951	1	1	?	?
952	8	1	?	?
953	4	1	?	?
954	4	1	?	?
955	4	1	?	?
956	8	1	?	?
957	4	1	?	?
958	8	1	?	?
959	4	1	?	?
960	1	1	?	?
961	8	1	?	?
962	4	1	?	?
963	4	1	?	?
964	4	1	?	?
965	8	1	?	?
966	4	1	?	?
967	8	1	?	?
968	4	1	?	?
969	1	1	?	?
970	8	1	?	?
971	4	1	?	?
972	4	1	?	?
973	4	1	?	?
974	8	1	?	?
975	4	1	?	?
976	8	1	?	?
977	4	1	?	?
978	1	1	?	?
979	8	1	?	?
980	4	1	?	?
981	4	1	?	?
982	4	1	?	?
983	8	1	?	?
984	4	1	?	?
985	8	1	?	?
986	4	1	?	?
987	1	1	?	?
988	8	1	?	?
989	4	1	?	?
990	4	1	?	?
991	4	1	?	?
992	8	1	?	?
993	4	1	?	?
994	8	1	?	?
995	4	1	?	?
996	1	1	?	?
997	8	1	?	?
998	4	1	?	?
999	4	1	?	?
1000	4	1	?	?
1001	8	1	?	?
1002	4	1	?	?
1003	8	1	?	?
1004	4	1	?	?
1005	1	1	?	?
1006	8	1	?	?
1007	4	1	?	?
1008	4	1	?	?
1009	4	1	?	?
1010	8	1	?	?
1011	4	1	?	?
1012	8	1	?	?
1013	4	1	?	?
1014	1	1	?	?
1015	8	1	?	?
1016	4	1	?	?
1017	4	1	?	?
1018	4	1	?	?
1019	8	1	?	?
1020	4	1	?	?
1021	8	1	?	?
1022	4	1	?	?
1023	1	1	?	?
1024	8	1	?	?
1025	4	1	?	?
1026	4	1	?	?
1027	4	1	?	?
1028	8	1	?	?
1029	4	1	?	?
1030	8	1	?	?
1031	4	1	?	?
1032	1	1	?	?
1033	8	1	?	?
1034	4	1	?	?
1035	4	1	?	?
1036	4	1	?	?
1037	8	1	?	?
1038	4	1	?	?
1039	8	1	?	?
1040	4	1	?	?
1041	1	1	?	?
1042	8	1	?	?
1043	4	1	?	?
1044	4	1	?	?
1045	4	1	?	?
1046	8	1	?	?
1047	4	1	?	?
1048	8	1	?	?
1049	4	1	?	?
1050	1	1	?	?
1051	8	1	?	?
1052	4	1	?	?
1053	4	1	?	?
1054	4	1	?	?
1055	8	1	?	?
1056	4	1	?	?
1057	8	1	?	?
1058	4	1	?	?
1059	1	1	?	?
1060	8	1	?	?
1061	4	1	?	?
1062	4	1	?	?
1063	4	1	?	?
1064	8	1	?	?
1065	4	1	?	?
1066	8	1	?	?
1067	4	1	?	?
1068	1	1	?	?
1069	8	1	?	?
1070	4	1	?	?
1071	4	1	?	?
1072	4	1	?	?
1073	8	1	?	?
1074	4	1	?	?
1075	8	1	?	?
1076	4	1	?	?
1077	1	1	?	?
1078	8	1	?	?
1079	4	1	?	?
1080	4	1	?	?
1081	4	1	?	?
1082	8	1	?	?
1083	4	1	?	?
1084	8	1	?	?
1085	4	1	?	?
1086	1	1	?	?
1087	8	1	?	?
1088	4	1	?	?
1089	4	1	?	?
1090	4	1	?	?
1091	8	1	?	?
1092	4	1	?	?
1093	8	1	?	?
1094	4	1	?	?
1095	1	1	?	?
1096	8	1	?	?
1097	4	1	?	?
1098	4	1	?	?
1099	4	1	?	?
1100	8	1	?	?
1101	4	1	?	?
1102	8	1	?	?
1103	4	1	?	?
1104	1	1	?	?
1105	8	1	?	?
1106	4	1	?	?
1107	4	1	?	?
1108	4	1	?	?
1109	8	1	?	?
1110	4	1	?	?
1111	8	1	?	?
1112	4	1	?	?
1113	1	1	?	?
1114	8	1	?	?
1115	4	1	?	?
1116	4	1	?	?
1117	4	1	?	?
1118	8	1	?	?
1119	4	1	?	?
1120	8	1	?	?
1121	4	1	?	?
1122	1	1	?	?
1123	8	1	?	?
1124	4	1	?	?
1125	4	1	?	?
1126	4	1	?	?
1127	8	1	?	?
1128	4	1	?	?
1129	8	1	?	?
1130	4	1	?	?
1131	1	1	?	?
1132	8	1	?	?
1133	4	1	?	?
1134	4	1	?	?
1135	4	1	?	?
1136	8	1	?	?
1137	4	1	?	?
1138	8	1	?	?
1139	4	1	?	?
1140	1	1	?	?
1141	8	1	?	?
1142	4	1	?	?
1143	4	1	?	?
1144	4	1	?	?
1145	8	1	?	?
1146	4	1	?	?
1147	8	1	?	?
1148	4	1	?	?
1149	1	1	?	?
1150	8	1	?	?
1151	4	1	?	?
1152	4	1	?	?
1153	4	1	?	?
1154	8	1	?	?
1155	4	1	?	?
1156	8	1	?	?
1157	4	1	?	?
1158	1	1	?	?
1159	8	1	?	?
1160	4	1	?	?
1161	4	1	?	?
1162	4	1	?	?
1163	8	1	?	?
1164	4	1	?	?
1165	8	1	?	?
1166	4	1	?	?
1167	1	1	?	?
1168	8	1	?	?
1169	4	1	?	?
1170	4	1	?	?
1171	4	1	?	?
1172	8	1	?	?
1173	4	1	?	?
1174	8	1	?	?
1175	4	1	?	?
1176	1	1	?	?
1177	8	1	?	?
1178	4	1	?	?
1179	4	1	?	?
1180	4	1	?	?
1181	8	1	?	?
1182	4	1	?	?
1183	8	1	?	?
1184	4	1	?	?
1185	1	1	?	?
1186	8	1	?	?
1187	4	1	?	?
1188	4	1	?	?
1189	4	1	?	?
1190	8	1	?	?
1191	4	1	?	?
1192	8	1	?	?
1193	4	1	?	?
1194	1	1	?	?
1195	8	1	?	?
1196	4	1	?	?
1197	4	1	?	?
1198	4	1	?	?
1199	8	1	?	?
1200	4	1	?	?
1201	8	1	?	?
1202	4	1	?	?
1203	1	1	?	?
1204	8	1	?	?
1205	4	1	?	?
1206	4	1	?	?
1207	4	1	?	?
1208	8	1	?	?
1209	4	1	?	?
1210	8	1	?	?
1211	4	1	?	?
1212	1	1	?	?
1213	8	1	?	?
1214	4	1	?	?
1215	4	1	?	?
1216	4	1	?	?
1217	8	1	?	?
1218	4	1	?	?
1219	8	1	?	?
1220	4	1	?	?
1221	1	1	?	?
1222	8	1	?	?
1223	4	1	?	?
1224	4	1	?	?
1225	4	1	?	?
1226	8	1	?	?
1227	4	1	?	?
1228	8	1	?	?
1229	4	1	?	?
1230	1	1	?	?
1231	8	1	?	?
1232	4	1	?	?
1233	4	1	?	?
1234	4	1	?	?
1235	8	1	?	?
1236	4	1	?	?
1237	8	1	?	?
1238	4	1	?	?
1239	1	1	?	?
1240	8	1	?	?
1241	4	1	?	?
1242	4	1	?	?
1243	4	1	?	?
1244	8	1	?	?
1245	4	1	?	?
1246	8	1	?	?
1247	4	1	?	?
1248	1	1	?	?
1249	8	1	?	?
1250	4	1	?	?
1251	4	1	?	?
1252	4	1	?	?
1253	8	1	?	?
1254	4	1	?	?
1255	8	1	?	?
1256	4	1	?	?
1257	1	1	?	?
1258	8	1	?	?
1259	4	1	?	?
1260	4	1	?	?
1261	4	1	?	?
1262	8	1	?	?
1263	4	1	?	?
1264	8	1	?	?
1265	4	1	?	?
1266	1	1	?	?
1267	8	1	?	?
1268	4	1	?	?
1269	4	1	?	?
1270	4	1	?	?
1271	8	1	?	?
1272	4	1	?	?
1273	8	1	?	?
1274	4	1	?	?
1275	1	1	?	?
1276	8	1	?	?
1277	4	1	?	?
1278	4	1	?	?
1279	4	1	?	?
1280	8	1	?	?
1281	4	1	?	?
1282	8	1	?	?
1283	4	1	?	?
1284	1	1	?	?
1285	8	1	?	?
1286	4	1	?	?
1287	4	1	?	?
1288	4	1	?	?
1289	8	1	?	?
1290	4	1	?	?
1291	8	1	?	?
1292	4	1	?	?
1293	1	1	?	?
1294	8	1	?	?
1295	4	1	?	?
1296	4	1	?	?
1297	4	1	?	?
1298	8	1	?	?
1299	4	1	?	?
1300	8	1	?	?
1301	4	1	?	?
1302	1	1	?	?
1303	8	1	?	?
1304	4	1	?	?
1305	4	1	?	?
1306	4	1	?	?
1307	8	1	?	?
1308	4	1	?	?
1309	8	1	?	?
1310	4	1	?	?
1311	1	1	?	?
1312	8	1	?	?
1313	4	1	?	?
1314	4	1	?	?
1315	4	1	?	?
1316	8	1	?	?
1317	4	1	?	?
1318	8	1	?	?
1319	4	1	?	?
1320	1	1	?	?
1321	8	1	?	?
1322	4	1	?	?
1323	4	1	?	?
1324	4	1	?	?
1325	8	1	?	?
1326	4	1	?	?
1327	8	1	?	?
1328	4	1	?	?
1329	1	1	?	?
1330	8	1	?	?
1331	4	1	?	?
1332	4	1	?	?
1333	4	1	?	?
1334	8	1	?	?
1335	4	1	?	?
1336	8	1	?	?
1337	4	1	?	?
1338	1	1	?	?
1339	8	1	?	?
1340	4	1	?	?
1341	4	1	?	?
1342	4	1	?	?
1343	8	1	?	?
1344	4	1	?	?
1345	8	1	?	?
1346	4	1	?	?
1347	1	1	?	?
1348	8	1	?	?
1349	4	1	?	?
1350	4	1	?	?
1351	4	1	?	?
1352	8	1	?	?
1353	4	1	?	?
1354	8	1	?	?
1355	4	1	?	?
1356	1	1	?	?
1357	8	1	?	?
1358	4	1	?	?
1359	4	1	?	?
1360	4	1	?	?
1361	8	1	?	?
1362	4	1	?	?
1363	8	1	?	?
1364	4	1	?	?
1365	1	1	?	?
1366	8	1	?	?
1367	4	1	?	?
1368	4	1	?	?
1369	4	1	?	?
1370	8	1	?	?
1371	4	1	?	?
1372	8	1	?	?
1373	4	1	?	?
1374	1	1	?	?
1375	8	1	?	?
1376	4	1	?	?
1377	4	1	?	?
1378	4	1	?	?
1379	8	1	?	?
1380	4	1	?	?
1381	8	1	?	?
1382	4	1	?	?
1383	1	1	?	?
1384	8	1	?	?
1385	4	1	?	?
1386	4	1	?	?
1387	4	1	?	?
1388	8	1	?	?
1389	4	1	?	?
1390	8	1	?	?
1391	4	1	?	?
1392	1	1	?	?
1393	8	1	?	?
1394	4	1	?	?
1395	4	1	?	?
1396	4	1	?	?
1397	8	1	?	?
1398	4	1	?	?
1399	8	1	?	?
1400	4	1	?	?
1401	1	1	?	?
1402	8	1	?	?
1403	4	1	?	?
1404	4	1	?	?
1405	4	1	?	?
1406	8	1	?	?
1407	4	1	?	?
1408	8	1	?	?
1409	4	1	?	?
1410	1	1	?	?
1411	8	1	?	?
1412	4	1	?	?
1413	4	1	?	?
1414	4	1	?	?
1415	8	1	?	?
1416	4	1	?	?
1417	8	1	?	?
1418	4	1	?	?
1419	1	1	?	?
1420	8	1	?	?
1421	4	1	?	?
1422	4	1	?	?
1423	4	1	?	?
1424	8	1	?	?
1425	4	1	?	?
1426	8	1	?	?
1427	4	1	?	?
1428	1	1	?	?
1429	8	1	?	?
1430	4	1	?	?
1431	4	1	?	?
1432	4	1	?	?
1433	8	1	?	?
1434	4	1	?	?
1435	8	1	?	?
1436	4	1	?	?
1437	1	1	?	?
1438	8	1	?	?
1439	4	1	?	?
1440	4	1	?	?
1441	4	1	?	?
1442	8	1	?	?
1443	4	1	?	?
1444	8	1	?	?
1445	4	1	?	?
1446	1	1	?	?
1447	8	1	?	?
1448	4	1	?	?
1449	4	1	?	?
1450	4	1	?	?
1451	8	1	?	?
1452	4	1	?	?
1453	8	1	?	?
1454	4	1	?	?
1455	1	1	?	?
1456	8	1	?	?
1457	4	1	?	?
1458	4	1	?	?
1459	4	1	?	?
1460	8	1	?	?
1461	4	1	?	?
1462	8	1	?	?
1463	4	1	?	?
1464	1	1	?	?
1465	8	1	?	?
1466	4	1	?	?
1467	4	1	?	?
1468	4	1	?	?
1469	8	1	?	?
1470	4	1	?	?
1471	8	1	?	?
1472	4	1	?	?
1473	1	1	?	?
1474	8	1	?	?
1475	4	1	?	?
1476	4	1	?	?
1477	4	1	?	?
1478	8	1	?	?
1479	4	1	?	?
1480	8	1	?	?
1481	4	1	?	?
1482	1	1	?	?
1483	8	1	?	?
1484	4	1	?	?
1485	4	1	?	?
1486	4	1	?	?
1487	8	1	?	?
1488	4	1	?	?
1489	8	1	?	?
1490	4	1	?	?
1491	1	1	?	?
1492	8	1	?	?
1493	4	1	?	?
1494	4	1	?	?
1495	4	1	?	?
1496	8	1	?	?
1497	4	1	?	?
1498	8	1	?	?
1499	4	1	?	?
1500	1	1	?	?
1501	8	1	?	?
1502	4	1	?	?
1503	4	1	?	?
1504	4	1	?	?
1505	8	1	?	?
1506	4	1	?	?
1507	8	1	?	?
1508	4	1	?	?
1509	1	1	?	?
1510	8	1	?	?
1511	4	1	?	?
1512	4	1	?	?
1513	4	1	?	?
1514	8	1	?	?
1515	4	1	?	?
1516	8	1	?	?
1517	4	1	?	?
1518	1	1	?	?
1519	8	1	?	?
1520	4	1	?	?
1521	4	1	?	?
1522	4	1	?	?
1523	8	1	?	?
1524	4	1	?	?
1525	8	1	?	?
1526	4	1	?	?
1527	1	1	?	?
1528	8	1	?	?
1529	4	1	?	?
1530	4	1	?	?
1531	4	1	?	?
1532	8	1	?	?
1533	4	1	?	?
1534	8	1	?	?
1535	4	1	?	?
1536	1	1	?	?
1537	8	1	?	?
1538	4	1	?	?
1539	4	1	?	?
1540	4	1	?	?
1541	8	1	?	?
1542	4	1	?	?
1543	8	1	?	?
1544	4	1	?	?
1545	1	1	?	?
1546	8	1	?	?
1547	4	1	?	?
1548	4	1	?	?
1549	4	1	?	?
1550	8	1	?	?
1551	4	1	?	?
1552	8	1	?	?
1553	4	1	?	?
1554	1	1	?	?
1555	8	1	?	?
1556	4	1	?	?
1557	4	1	?	?
1558	4	1	?	?
1559	8	1	?	?
1560	4	1	?	?
1561	8	1	?	?
1562	4	1	?	?
1563	1	1	?	?
1564	8	1	?	?
1565	4	1	?	?
1566	4	1	?	?
1567	4	1	?	?
1568	8	1	?	?
1569	4	1	?	?
1570	8	1	?	?
1571	4	1	?	?
1572	1	1	?	?
1573	8	1	?	?
1574	4	1	?	?
1575	4	1	?	?
1576	4	1	?	?
1577	8	1	?	?
1578	4	1	?	?
1579	8	1	?	?
1580	4	1	?	?
1581	1	1	?	?
1582	8	1	?	?
1583	4	1	?	?
1584	4	1	?	?
1585	4	1	?	?
1586	8	1	?	?
1587	4	1	?	?
1588	8	1	?	?
1589	4	1	?	?
1590	1	1	?	?
1591	8	1	?	?
1592	4	1	?	?
1593	4	1	?	?
1594	4	1	?	?
1595	8	1	?	?
1596	4	1	?	?
1597	8	1	?	?
1598	4	1	?	?
1599	1	1	?	?
1600	8	1	?	?
1601	4	1	?	?
1602	4	1	?	?
1603	4	1	?	?
1604	8	1	?	?
1605	4	1	?	?
1606	8	1	?	?
1607	4	1	?	?
1608	1	1	?	?
1609	8	1	?	?
1610	4	1	?	?
1611	4	1	?	?
1612	4	1	?	?
1613	8	1	?	?
1614	4	1	?	?
1615	8	1	?	?
1616	4	1	?	?
1617	1	1	?	?
1618	8	1	?	?
1619	4	1	?	?
1620	4	1	?	?
1621	4	1	?	?
1622	8	1	?	?
1623	4	1	?	?
1624	8	1	?	?
1625	4	1	?	?
1626	1	1	?	?
1627	8	1	?	?
1628	4	1	?	?
1629	4	1	?	?
1630	4	1	?	?
1631	8	1	?	?
1632	4	1	?	?
1633	8	1	?	?
1634	4	1	?	?
1635	1	1	?	?
1636	8	1	?	?
1637	4	1	?	?
1638	4	1	?	?
1639	4	1	?	?
1640	8	1	?	?
1641	4	1	?	?
1642	8	1	?	?
1643	4	1	?	?
1644	1	1	?	?
1645	8	1	?	?
1646	4	1	?	?
1647	4	1	?	?
1648	4	1	?	?
1649	8	1	?	?
1650	4	1	?	?
1651	8	1	?	?
1652	4	1	?	?
1653	1	1	?	?
1654	8	1	?	?
1655	4	1	?	?
1656	4	1	?	?
1657	4	1	?	?
1658	8	1	?	?
1659	4	1	?	?
1660	8	1	?	?
1661	4	1	?	?
1662	1	1	?	?
1663	8	1	?	?
1664	4	1	?	?
1665	4	1	?	?
1666	4	1	?	?
1667	8	1	?	?
1668	4	1	?	?
1669	8	1	?	?
1670	4	1	?	?
1671	1	1	?	?
1672	8	1	?	?
1673	4	1	?	?
1674	4	1	?	?
1675	4	1	?	?
1676	8	1	?	?
1677	4	1	?	?
1678	8	1	?	?
1679	4	1	?	?
1680	1	1	?	?
1681	8	1	?	?
1682	4	1	?	?
1683	4	1	?	?
1684	4	1	?	?
1685	8	1	?	?
1686	4	1	?	?
1687	8	1	?	?
1688	4	1	?	?
1689	1	1	?	?
1690	8	1	?	?
1691	4	1	?	?
1692	4	1	?	?
1693	4	1	?	?
1694	8	1	?	?
1695	4	1	?	?
1696	8	1	?	?
1697	4	1	?	?
1698	1	1	?	?
1699	8	1	?	?
1700	4	1	?	?
1701	4	1	?	?
1702	4	1	?	?
1703	8	1	?	?
1704	4	1	?	?
1705	8	1	?	?
1706	4	1	?	?
1707	1	1	?	?
1708	8	1	?	?
1709	4	1	?	?
1710	4	1	?	?
1711	4	1	?	?
1712	8	1	?	?
1713	4	1	?	?
1714	8	1	?	?
1715	4	1	?	?
1716	1	1	?	?
1717	8	1	?	?
1718	4	1	?	?
1719	4	1	?	?
1720	4	1	?	?
1721	8	1	?	?
1722	4	1	?	?
1723	8	1	?	?
1724	4	1	?	?
1725	1	1	?	?
1726	8	1	?	?
1727	4	1	?	?
1728	4	1	?	?
1729	4	1	?	?
1730	8	1	?	?
1731	4	1	?	?
1732	8	1	?	?
1733	4	1	?	?
1734	1	1	?	?
1735	8	1	?	?
1736	4	1	?	?
1737	4	1	?	?
1738	4	1	?	?
1739	8	1	?	?
1740	4	1	?	?
1741	8	1	?	?
1742	4	1	?	?
1743	1	1	?	?
1744	8	1	?	?
1745	4	1	?	?
1746	4	1	?	?
1747	4	1	?	?
1748	8	1	?	?
1749	4	1	?	?
1750	8	1	?	?
1751	4	1	?	?
1752	1	1	?	?
1753	8	1	?	?
1754	4	1	?	?
1755	4	1	?	?
1756	4	1	?	?
1757	8	1	?	?
1758	4	1	?	?
1759	8	1	?	?
1760	4	1	?	?
1761	1	1	?	?
1762	8	1	?	?
1763	4	1	?	?
1764	4	1	?	?
1765	4	1	?	?
1766	8	1	?	?
1767	4	1	?	?
1768	8	1	?	?
1769	4	1	?	?
1770	1	1	?	?
1771	8	1	?	?
1772	4	1	?	?
1773	4	1	?	?
1774	4	1	?	?
1775	8	1	?	?
1776	4	1	?	?
1777	8	1	?	?
1778	4	1	?	?
1779	1	1	?	?
1780	8	1	?	?
1781	4	1	?	?
1782	4	1	?	?
1783	4	1	?	?
1784	8	1	?	?
1785	4	1	?	?
1786	8	1	?	?
1787	4	1	?	?
1788	1	1	?	?
1789	8	1	?	?
1790	4	1	?	?
1791	4	1	?	?
1792	4	1	?	?
1793	8	1	?	?
1794	4	1	?	?
1795	8	1	?	?
1796	4	1	?	?
1797	1	1	?	?
1798	8	1	?	?
1799	4	1	?	?
1800	4	1	?	?
1801	4	1	?	?
1802	8	1	?	?
1803	4	1	?	?
1804	8	1	?	?
1805	4	1	?	?
1806	1	1	?	?
1807	8	1	?	?
1808	4	1	?	?
1809	4	1	?	?
1810	4	1	?	?
1811	8	1	?	?
1812	4	1	?	?
1813	8	1	?	?
1814	4	1	?	?
1815	1	1	?	?
1816	8	1	?	?
1817	4	1	?	?
1818	4	1	?	?
1819	4	1	?	?
1820	8	1	?	?
1821	4	1	?	?
1822	8	1	?	?
1823	4	1	?	?
1824	1	1	?	?
1825	8	1	?	?
1826	4	1	?	?
1827	4	1	?	?
1828	4	1	?	?
1829	8	1	?	?
1830	4	1	?	?
1831	8	1	?	?
1832	4	1	?	?
1833	1	1	?	?
1834	8	1	?	?
1835	4	1	?	?
1836	4	1	?	?
1837	4	1	?	?
1838	8	1	?	?
1839	4	1	?	?
1840	8	1	?	?
1841	4	1	?	?
1842	1	1	?	?
1843	8	1	?	?
1844	4	1	?	?
1845	4	1	?	?
1846	4	1	?	?
1847	8	1	?	?
1848	4	1	?	?
1849	8	1	?	?
1850	4	1	?	?
1851	1	1	?	?
1852	8	1	?	?
1853	4	1	?	?
1854	4	1	?	?
1855	4	1	?	?
1856	8	1	?	?
1857	4	1	?	?
1858	8	1	?	?
1859	4	1	?	?
1860	1	1	?	?
1861	8	1	?	?
1862	4	1	?	?
1863	4	1	?	?
1864	4	1	?	?
1865	8	1	?	?
1866	4	1	?	?
1867	8	1	?	?
1868	4	1	?	?
1869	1	1	?	?
1870	8	1	?	?
1871	4	1	?	?
1872	4	1	?	?
1873	4	1	?	?
1874	8	1	?	?
1875	4	1	?	?
1876	8	1	?	?
1877	4	1	?	?
1878	1	1	?	?
1879	8	1	?	?
1880	4	1	?	?
1881	4	1	?	?
1882	4	1	?	?
1883	8	1	?	?
1884	4	1	?	?
1885	8	1	?	?
1886	4	1	?	?
1887	1	1	?	?
1888	8	1	?	?
1889	4	1	?	?
1890	4	1	?	?
1891	4	1	?	?
1892	8	1	?	?
1893	4	1	?	?
1894	8	1	?	?
1895	4	1	?	?
1896	1	1	?	?
1897	8	1	?	?
1898	4	1	?	?
1899	4	1	?	?
1900	4	1	?	?
1901	8	1	?	?
1902	4	1	?	?
1903	8	1	?	?
1904	4	1	?	?
1905	1	1	?	?
1906	8	1	?	?
1907	4	1	?	?
1908	4	1	?	?
1909	4	1	?	?
1910	8	1	?	?
1911	4	1	?	?
1912	8	1	?	?
1913	4	1	?	?
1914	1	1	?	?
1915	8	1	?	?
1916	4	1	?	?
1917	4	1	?	?
1918	4	1	?	?
1919	8	1	?	?
1920	4	1	?	?
1921	8	1	?	?
1922	4	1	?	?
1923	1	1	?	?
1924	8	1	?	?
1925	4	1	?	?
1926	4	1	?	?
1927	4	1	?	?
1928	8	1	?	?
1929	4	1	?	?
1930	8	1	?	?
1931	4	1	?	?
1932	1	1	?	?
1933	8	1	?	?
1934	4	1	?	?
1935	4	1	?	?
1936	4	1	?	?
1937	8	1	?	?
1938	4	1	?	?
1939	8	1	?	?
1940	4	1	?	?
1941	1	1	?	?
1942	8	1	?	?
1943	4	1	?	?
1944	4	1	?	?
1945	4	1	?	?
1946	8	1	?	?
1947	4	1	?	?
1948	8	1	?	?
1949	4	1	?	?
1950	1	1	?	?
1951	8	1	?	?
1952	4	1	?	?
1953	4	1	?	?
1954	4	1	?	?
1955	8	1	?	?
1956	4	1	?	?
1957	8	1	?	?
1958	4	1	?	?
1959	1	1	?	?
1960	8	1	?	?
1961	4	1	?	?
1962	4	1	?	?
1963	4	1	?	?
1964	8	1	?	?
1965	4	1	?	?
1966	8	1	?	?
1967	4	1	?	?
1968	1	1	?	?
1969	8	1	?	?
1970	4	1	?	?
1971	4	1	?	?
1972	4	1	?	?
1973	8	1	?	?
1974	4	1	?	?
1975	8	1	?	?
1976	4	1	?	?
1977	1	1	?	?
1978	8	1	?	?
1979	4	1	?	?
1980	4	1	?	?
1981	4	1	?	?
1982	8	1	?	?
1983	4	1	?	?
1984	8	1	?	?
1985	4	1	?	?
1986	1	1	?	?
1987	8	1	?	?
1988	4	1	?	?
1989	4	1	?	?
1990	4	1	?	?
1991	8	1	?	?
1992	4	1	?	?
1993	8	1	?	?
1994	4	1	?	?
1995	1	1	?	?
1996	8	1	?	?
1997	4	1	?	?
1998	4	1	?	?
1999	4	1	?	?
2000	8	1	?	?
2001	4	1	?	?
2002	8	1	?	?
2003	4	1	?	?
2004	1	1	?	?
2005	8	1	?	?
2006	4	1	?	?
2007	4	1	?	?
2008	4	1	?	?
2009	8	1	?	?
2010	4	1	?	?
2011	8	1	?	?
2012	4	1	?	?
2013	1	1	?	?
2014	8	1	?	?
2015	4	1	?	?
2016	4	1	?	?
2017	4	1	?	?
2018	8	1	?	?
2019	4	1	?	?
2020	8	1	?	?
2021	4	1	?	?
2022	1	1	?	?
2023	8	1	?	?
2024	4	1	?	?
2025	4	1	?	?
2026	4	1	?	?
2027	8	1	?	?
2028	4	1	?	?
2029	8	1	?	?
2030	4	1	?	?
2031	1	1	?	?
2032	8	1	?	?
2033	4	1	?	?
2034	4	1	?	?
2035	4	1	?	?
2036	8	1	?	?
2037	4	1	?	?
2038	8	1	?	?
2039	4	1	?	?
2040	1	1	?	?
2041	8	1	?	?
2042	4	1	?	?
2043	4	1	?	?
2044	4	1	?	?
2045	8	1	?	?
2046	4	1	?	?
2047	8	1	?	?
2048	4	1	?	?
2049	1	1	?	?
2050	8	1	?	?
2051	4	1	?	?
2052	4	1	?	?
2053	4	1	?	?
2054	8	1	?	?
2055	4	1	?	?
2056	8	1	?	?
2057	4	1	?	?
2058	1	1	?	?
2059	8	1	?	?
2060	4	1	?	?
2061	4	1	?	?
2062	4	1	?	?
2063	8	1	?	?
2064	4	1	?	?
2065	8	1	?	?
2066	4	1	?	?
2067	1	1	?	?
2068	8	1	?	?
2069	4	1	?	?
2070	4	1	?	?
2071	4	1	?	?
2072	8	1	?	?
2073	4	1	?	?
2074	8	1	?	?
2075	4	1	?	?
2076	1	1	?	?
2077	8	1	?	?
2078	4	1	?	?
2079	4	1	?	?
2080	4	1	?	?
2081	8	1	?	?
2082	4	1	?	?
2083	8	1	?	?
2084	4	1	?	?
2085	1	1	?	?
2086	8	1	?	?
2087	4	1	?	?
2088	4	1	?	?
2089	4	1	?	?
2090	8	1	?	?
2091	4	1	?	?
2092	8	1	?	?
2093	4	1	?	?
2094	1	1	?	?
2095	8	1	?	?
2096	4	1	?	?
2097	4	1	?	?
2098	4	1	?	?
2099	8	1	?	?
2100	4	1	?	?
2101	8	1	?	?
2102	4	1	?	?
2103	1	1	?	?
2104	8	1	?	?
2105	4	1	?	?
2106	4	1	?	?
2107	4	1	?	?
2108	8	1	?	?
2109	4	1	?	?
2110	8	1	?	?
2111	4	1	?	?
2112	1	1	?	?
2113	8	1	?	?
2114	4	1	?	?
2115	4	1	?	?
2116	4	1	?	?
2117	8	1	?	?
2118	4	1	?	?
2119	8	1	?	?
2120	4	1	?	?
2121	1	1	?	?
2122	8	1	?	?
2123	4	1	?	?
2124	4	1	?	?
2125	4	1	?	?
2126	8	1	?	?
2127	4	1	?	?
2128	8	1	?	?
2129	4	1	?	?
2130	1	1	?	?
2131	8	1	?	?
2132	4	1	?	?
2133	4	1	?	?
2134	4	1	?	?
2135	8	1	?	?
2136	4	1	?	?
2137	8	1	?	?
2138	4	1	?	?
2139	1	1	?	?
2140	8	1	?	?
2141	4	1	?	?
2142	4	1	?	?
2143	4	1	?	?
2144	8	1	?	?
2145	4	1	?	?
2146	8	1	?	?
2147	4	1	?	?
2148	1	1	?	?
2149	8	1	?	?
2150	4	1	?	?
2151	4	1	?	?
2152	4	1	?	?
2153	8	1	?	?
2154	4	1	?	?
2155	8	1	?	?
2156	4	1	?	?
2157	1	1	?	?
2158	8	1	?	?
2159	4	1	?	?
2160	4	1	?	?
2161	4	1	?	?
2162	8	1	?	?
2163	4	1	?	?
2164	8	1	?	?
2165	4	1	?	?
2166	1	1	?	?
2167	8	1	?	?
2168	4	1	?	?
2169	4	1	?	?
2170	4	1	?	?
2171	8	1	?	?
2172	4	1	?	?
2173	8	1	?	?
2174	4	1	?	?
2175	1	1	?	?
2176	8	1	?	?
2177	4	1	?	?
2178	4	1	?	?
2179	4	1	?	?
2180	8	1	?	?
2181	4	1	?	?
2182	8	1	?	?
2183	4	1	?	?
2184	1	1	?	?
2185	8	1	?	?
2186	4	1	?	?
2187	4	1	?	?
2188	4	1	?	?
2189	8	1	?	?
2190	4	1	?	?
2191	8	1	?	?
2192	4	1	?	?
2193	1	1	?	?
2194	8	1	?	?
2195	4	1	?	?
2196	4	1	?	?
2197	4	1	?	?
2198	8	1	?	?
2199	4	1	?	?
2200	8	1	?	?
2201	4	1	?	?
2202	1	1	?	?
2203	8	1	?	?
2204	4	1	?	?
2205	4	1	?	?
2206	4	1	?	?
2207	8	1	?	?
2208	4	1	?	?
2209	8	1	?	?
2210	4	1	?	?
2211	1	1	?	?
2212	8	1	?	?
2213	4	1	?	?
2214	4	1	?	?
2215	4	1	?	?
2216	8	1	?	?
2217	4	1	?	?
2218	8	1	?	?
2219	4	1	?	?
2220	1	1	?	?
2221	8	1	?	?
2222	4	1	?	?
2223	4	1	?	?
2224	4	1	?	?
2225	8	1	?	?
2226	4	1	?	?
2227	8	1	?	?
2228	4	1	?	?
2229	1	1	?	?
2230	8	1	?	?
2231	4	1	?	?
2232	4	1	?	?
2233	4	1	?	?
2234	8	1	?	?
2235	4	1	?	?
2236	8	1	?	?
2237	4	1	?	?
2238	1	1	?	?
2239	8	1	?	?
2240	4	1	?	?
2241	4	1	?	?
2242	4	1	?	?
2243	8	1	?	?
2244	4	1	?	?
2245	8	1	?	?
2246	4	1	?	?
2247	1	1	?	?
2248	8	1	?	?
2249	4	1	?	?
2250	4	1	?	?
2251	4	1	?	?
2252	8	1	?	?
2253	4	1	?	?
2254	8	1	?	?
2255	4	1	?	?
2256	1	1	?	?
2257	8	1	?	?
2258	4	1	?	?
2259	4	1	?	?
2260	4	1	?	?
2261	8	1	?	?
2262	4	1	?	?
2263	8	1	?	?
2264	4	1	?	?
2265	1	1	?	?
2266	8	1	?	?
2267	4	1	?	?
2268	4	1	?	?
2269	4	1	?	?
2270	8	1	?	?
2271	4	1	?	?
2272	8	1	?	?
2273	4	1	?	?
2274	1	1	?	?
2275	8	1	?	?
2276	4	1	?	?
2277	4	1	?	?
2278	4	1	?	?
2279	8	1	?	?
2280	4	1	?	?
2281	8	1	?	?
2282	4	1	?	?
2283	1	1	?	?
2284	8	1	?	?
2285	4	1	?	?
2286	4	1	?	?
2287	4	1	?	?
2288	8	1	?	?
2289	4	1	?	?
2290	8	1	?	?
2291	4	1	?	?
2292	1	1	?	?
2293	8	1	?	?
2294	4	1	?	?
2295	4	1	?	?
2296	4	1	?	?
2297	8	1	?	?
2298	4	1	?	?
2299	8	1	?	?
2300	4	1	?	?
2301	1	1	?	?
2302	8	1	?	?
2303	4	1	?	?
2304	4	1	?	?
2305	4	1	?	?
2306	8	1	?	?
2307	4	1	?	?
2308	8	1	?	?
2309	4	1	?	?
2310	1	1	?	?
2311	8	1	?	?
2312	4	1	?	?
2313	4	1	?	?
2314	4	1	?	?
2315	8	1	?	?
2316	4	1	?	?
2317	8	1	?	?
2318	4	1	?	?
2319	1	1	?	?
2320	8	1	?	?
2321	4	1	?	?
2322	4	1	?	?
2323	4	1	?	?
2324	8	1	?	?
2325	4	1	?	?
2326	8	1	?	?
2327	4	1	?	?
2328	1	1	?	?
2329	8	1	?	?
2330	4	1	?	?
2331	4	1	?	?
2332	4	1	?	?
2333	8	1	?	?
2334	4	1	?	?
2335	8	1	?	?
2336	4	1	?	?
2337	1	1	?	?
2338	8	1	?	?
2339	4	1	?	?
2340	4	1	?	?
2341	4	1	?	?
2342	8	1	?	?
2343	4	1	?	?
2344	8	1	?	?
2345	4	1	?	?
2346	1	1	?	?
2347	8	1	?	?
2348	4	1	?	?
2349	4	1	?	?
2350	4	1	?	?
2351	8	1	?	?
2352	4	1	?	?
2353	8	1	?	?
2354	4	1	?	?
2355	1	1	?	?
2356	8	1	?	?
2357	4	1	?	?
2358	4	1	?	?
2359	4	1	?	?
2360	8	1	?	?
2361	4	1	?	?
2362	8	1	?	?
2363	4	1	?	?
2364	1	1	?	?
2365	8	1	?	?
2366	4	1	?	?
2367	4	1	?	?
2368	4	1	?	?
2369	8	1	?	?
2370	4	1	?	?
2371	8	1	?	?
2372	4	1	?	?
2373	1	1	?	?
2374	8	1	?	?
2375	4	1	?	?
2376	4	1	?	?
2377	4	1	?	?
2378	8	1	?	?
2379	4	1	?	?
2380	8	1	?	?
2381	4	1	?	?
2382	1	1	?	?
2383	8	1	?	?
2384	4	1	?	?
2385	4	1	?	?
2386	4	1	?	?
2387	8	1	?	?
2388	4	1	?	?
2389	8	1	?	?
2390	4	1	?	?
2391	1	1	?	?
2392	8	1	?	?
2393	4	1	?	?
2394	4	1	?	?
2395	4	1	?	?
2396	8	1	?	?
2397	4	1	?	?
2398	8	1	?	?
2399	4	1	?	?
2400	1	1	?	?
2401	8	1	?	?
2402	4	1	?	?
2403	4	1	?	?
2404	4	1	?	?
2405	8	1	?	?
2406	4	1	?	?
2407	8	1	?	?
2408	4	1	?	?
2409	1	1	?	?
2410	8	1	?	?
2411	4	1	?	?
2412	4	1	?	?
2413	4	1	?	?
2414	8	1	?	?
2415	4	1	?	?
2416	8	1	?	?
2417	4	1	?	?
2418	1	1	?	?
2419	8	1	?	?
2420	4	1	?	?
2421	4	1	?	?
2422	4	1	?	?
2423	8	1	?	?
2424	4	1	?	?
2425	8	1	?	?
2426	4	1	?	?
2427	1	1	?	?
2428	8	1	?	?
2429	4	1	?	?
2430	4	1	?	?
2431	4	1	?	?
2432	8	1	?	?
2433	4	1	?	?
2434	8	1	?	?
2435	4	1	?	?
2436	1	1	?	?
2437	8	1	?	?
2438	4	1	?	?
2439	4	1	?	?
2440	4	1	?	?
2441	8	1	?	?
2442	4	1	?	?
2443	8	1	?	?
2444	4	1	?	?
2445	1	1	?	?
2446	8	1	?	?
2447	4	1	?	?
2448	4	1	?	?
2449	4	1	?	?
2450	8	1	?	?
2451	4	1	?	?
2452	8	1	?	?
2453	4	1	?	?
2454	1	1	?	?
2455	8	1	?	?
2456	4	1	?	?
2457	4	1	?	?
2458	4	1	?	?
2459	8	1	?	?
2460	4	1	?	?
2461	8	1	?	?
2462	4	1	?	?
2463	1	1	?	?
2464	8	1	?	?
2465	4	1	?	?
2466	4	1	?	?
2467	4	1	?	?
2468	8	1	?	?
2469	4	1	?	?
2470	8	1	?	?
2471	4	1	?	?
2472	1	1	?	?
2473	8	1	?	?
2474	4	1	?	?
2475	4	1	?	?
2476	4	1	?	?
2477	8	1	?	?
2478	4	1	?	?
2479	8	1	?	?
2480	4	1	?	?
2481	1	1	?	?
2482	8	1	?	?
2483	4	1	?	?
2484	4	1	?	?
2485	4	1	?	?
2486	8	1	?	?
2487	4	1	?	?
2488	8	1	?	?
2489	4	1	?	?
2490	1	1	?	?
2491	8	1	?	?
2492	4	1	?	?
2493	4	1	?	?
2494	4	1	?	?
2495	8	1	?	?
2496	4	1	?	?
2497	8	1	?	?
2498	4	1	?	?
2499	1	1	?	?
2500	8	1	?	?
2501	4	1	?	?
2502	4	1	?	?
2503	4	1	?	?
2504	8	1	?	?
2505	4	1	?	?
2506	8	1	?	?
2507	4	1	?	?
2508	1	1	?	?
2509	8	1	?	?
2510	4	1	?	?
2511	4	1	?	?
2512	4	1	?	?
2513	8	1	?	?
2514	4	1	?	?
2515	8	1	?	?
2516	4	1	?	?
2517	1	1	?	?
2518	8	1	?	?
2519	4	1	?	?
2520	4	1	?	?
2521	4	1	?	?
2522	8	1	?	?
2523	4	1	?	?
2524	8	1	?	?
2525	4	1	?	?
