# MAME 0.289 soccerss: save-state registry, file order
# signature 1bcd0a1a
# index	size	count	device	name  (? = no device: timer, stream, global)
0	8	1	?	?
1	2	1	?	?
2	2	1	?	?
3	2	1	?	?
4	1	1	?	?
5	1	16	?	?
6	4	1	?	?
7	2	1	?	?
8	2	1	?	?
9	2	1	?	?
10	1	1	?	?
11	8	1	:k054338	0/m_clock_scale
12	2	32	:k054338	0/m_regs
13	4	9	:k054338	0/m_shd_rgb
14	4	1	:k054338	0/m_unscaled_clock
15	4	1	:k054539_1	0/m_bank_count
16	8	1	:k054539_1	0/m_clock_scale
17	4	1	:k054539_1	0/m_cur_bank
18	4	1	:k054539_1	0/m_cur_ptr
19	4	1	:k054539_1	0/m_flags
20	8	8	:k054539_1	0/m_gain
21	8	15	:k054539_1	0/m_pantab
22	1	24	:k054539_1	0/m_posreg_latch
23	1	32768	:k054539_1	0/m_ram
24	1	560	:k054539_1	0/m_regs
25	4	1	:k054539_1	0/m_reverb_pos
26	4	1	:k054539_1	0/m_rom_addr
27	4	1	:k054539_1	0/m_timer_state
28	4	1	:k054539_1	0/m_unscaled_clock
29	8	256	:k054539_1	0/m_voltab
30	4	1	:k054539_2	0/m_bank_count
31	8	1	:k054539_2	0/m_clock_scale
32	4	1	:k054539_2	0/m_cur_bank
33	4	1	:k054539_2	0/m_cur_ptr
34	4	1	:k054539_2	0/m_flags
35	8	8	:k054539_2	0/m_gain
36	8	15	:k054539_2	0/m_pantab
37	1	24	:k054539_2	0/m_posreg_latch
38	1	32768	:k054539_2	0/m_ram
39	1	560	:k054539_2	0/m_regs
40	4	1	:k054539_2	0/m_reverb_pos
41	4	1	:k054539_2	0/m_rom_addr
42	4	1	:k054539_2	0/m_timer_state
43	4	1	:k054539_2	0/m_unscaled_clock
44	8	256	:k054539_2	0/m_voltab
45	8	1	:k055555	0/m_clock_scale
46	1	128	:k055555	0/m_regs
47	4	1	:k055555	0/m_unscaled_clock
48	8	1	:k055673	0/m_clock_scale
49	1	8	:k055673	0/m_kx46_regs
50	2	16	:k055673	0/m_kx47_regs
51	1	1	:k055673	0/m_objcha_line
52	2	8192	:k055673	0/m_ram
53	4	1	:k055673	0/m_unscaled_clock
54	8	1	:k056800	0/m_clock_scale
55	1	4	:k056800	0/m_host_to_snd_regs
56	1	1	:k056800	0/m_int_enabled
57	1	1	:k056800	0/m_int_pending
58	1	2	:k056800	0/m_snd_to_host_regs
59	4	1	:k056800	0/m_unscaled_clock
60	4	1	:k056832	0/m_active_layer
61	1	16	:k056832	0/m_all_lines_dirty
62	8	1	:k056832	0/m_clock_scale
63	4	1	:k056832	0/m_cur_gfx_banks
64	4	1	:k056832	0/m_cur_tile_bank
65	4	1	:k056832	0/m_default_layer_association
66	4	8	:k056832	0/m_dx
67	4	8	:k056832	0/m_dy
68	4	8	:k056832	0/m_h
69	4	16	:k056832	0/m_last_colorbase
70	4	16	:k056832	0/m_layer_assoc_with_page
71	4	1	:k056832	0/m_layer_association
72	4	16	:k056832	0/m_layer_offs
73	1	8	:k056832	0/m_layer_tile_mode
74	4	128	:k056832	0/m_line_dirty
75	1	1	:k056832	0/m_linemap_enabled
76	4	16	:k056832	0/m_lsram_page
77	1	16	:k056832	0/m_page_tile_mode
78	2	32	:k056832	0/m_regs
79	2	4	:k056832	0/m_regsb
80	4	1	:k056832	0/m_rom_half
81	4	1	:k056832	0/m_unscaled_clock
82	1	1	:k056832	0/m_use_ext_linescroll
83	1	1	:k056832	0/m_uses_tile_banks
84	2	69632	:k056832	0/m_videoram
85	4	8	:k056832	0/m_w
86	4	8	:k056832	0/m_x
87	4	8	:k056832	0/m_y
88	2	1	:soundcpu	0/m_alub
89	2	1	:soundcpu	0/m_alue
90	2	1	:soundcpu	0/m_aluo
91	4	1	:soundcpu	0/m_aob
92	4	1	:soundcpu	0/m_at
93	4	1	:soundcpu	0/m_au
94	2	1	:soundcpu	0/m_base_ssw
95	4	1	:soundcpu	0/m_bcount
96	8	1	:soundcpu	0/m_clock_scale
97	4	1	:soundcpu	0/m_count_before_instruction_step
98	4	17	:soundcpu	0/m_da
99	2	1	:soundcpu	0/m_dbin
100	2	1	:soundcpu	0/m_dbout
101	1	1	:soundcpu	0/m_dcr
102	4	1	:soundcpu	0/m_dt
103	1	1	:soundcpu	0/m_eatcycles
104	2	1	:soundcpu	0/m_edb
105	2	1	:soundcpu	0/m_ftu
106	1	67	:soundcpu	0/m_input.m_curstate
107	4	67	:soundcpu	0/m_input.m_curvector
108	4	67	:soundcpu	0/m_input.m_stored_vector
109	2	1	:soundcpu	0/m_inst_state
110	2	1	:soundcpu	0/m_inst_substate
111	4	1	:soundcpu	0/m_int_level
112	4	1	:soundcpu	0/m_int_next_state
113	4	1	:soundcpu	0/m_int_vector
114	4	1	:soundcpu	0/m_ipc
115	2	1	:soundcpu	0/m_ir
116	2	1	:soundcpu	0/m_irc
117	2	1	:soundcpu	0/m_ird
118	2	1	:soundcpu	0/m_irdi
119	2	1	:soundcpu	0/m_isr
120	8	1	:soundcpu	0/m_last_vpa_time
121	8	1	:soundcpu	0/m_localtime.attoseconds
122	4	1	:soundcpu	0/m_localtime.seconds
123	2	1	:soundcpu	0/m_movemr
124	4	1	:soundcpu	0/m_movems
125	2	1	:soundcpu	0/m_new_sr
126	4	1	:soundcpu	0/m_next_state
127	1	1	:soundcpu	0/m_nexteatcycles
128	4	1	:soundcpu	0/m_nextsuspend
129	4	1	:soundcpu	0/m_nmi_pending
130	1	1	:soundcpu	0/m_nmi_uses_generic
131	4	1	:soundcpu	0/m_pc
132	4	1	:soundcpu	0/m_post_run
133	4	1	:soundcpu	0/m_post_run_cycles
134	4	1	:soundcpu	0/m_sp
135	2	1	:soundcpu	0/m_sr
136	2	1	:soundcpu	0/m_ssw
137	4	1	:soundcpu	0/m_suspend
138	4	1	:soundcpu	0/m_t
139	8	1	:soundcpu	0/m_totalcycles
140	4	1	:soundcpu	0/m_trigger
141	4	1	:soundcpu	0/m_unscaled_clock
142	4	1	:soundcpu	0/m_virq_state
143	4	16	:maincpu	0/REG_D()
144	4	1	:maincpu	0/REG_ISP()
145	4	1	:maincpu	0/REG_MSP()
146	4	1	:maincpu	0/REG_USP()
147	4	1	:maincpu	0/m_caar
148	4	1	:maincpu	0/m_cacr
149	1	1	:maincpu	0/m_can_instruction_restart
150	8	1	:maincpu	0/m_clock_scale
151	4	1	:maincpu	0/m_dfc
152	1	1	:maincpu	0/m_eatcycles
153	1	1	:maincpu	0/m_emmu_enabled
154	4	1	:maincpu	0/m_fpcr
155	4	1	:maincpu	0/m_fpiar
156	2	8	:maincpu	0/m_fpr.signExp
157	8	8	:maincpu	0/m_fpr.signif
158	4	1	:maincpu	0/m_fpsr
159	1	1	:maincpu	0/m_fpu_just_reset
160	1	1	:maincpu	0/m_has_hmmu
161	1	1	:maincpu	0/m_has_pmmu
162	4	1	:maincpu	0/m_hmmu_enabled
163	1	67	:maincpu	0/m_input.m_curstate
164	4	67	:maincpu	0/m_input.m_curvector
165	4	67	:maincpu	0/m_input.m_stored_vector
166	4	1	:maincpu	0/m_int_level
167	8	1	:maincpu	0/m_localtime.attoseconds
168	4	1	:maincpu	0/m_localtime.seconds
169	4	1	:maincpu	0/m_mmu_acr0
170	4	1	:maincpu	0/m_mmu_acr1
171	4	1	:maincpu	0/m_mmu_acr2
172	4	1	:maincpu	0/m_mmu_acr3
173	4	22	:maincpu	0/m_mmu_atc_data
174	4	1	:maincpu	0/m_mmu_atc_rr
175	4	22	:maincpu	0/m_mmu_atc_tag
176	4	1	:maincpu	0/m_mmu_crp_aptr
177	4	1	:maincpu	0/m_mmu_crp_limit
178	4	1	:maincpu	0/m_mmu_dtt0
179	4	1	:maincpu	0/m_mmu_dtt1
180	4	1	:maincpu	0/m_mmu_itt0
181	4	1	:maincpu	0/m_mmu_itt1
182	4	1	:maincpu	0/m_mmu_last_page_entry
183	4	1	:maincpu	0/m_mmu_last_page_entry_addr
184	2	1	:maincpu	0/m_mmu_sr
185	4	1	:maincpu	0/m_mmu_sr_040
186	4	1	:maincpu	0/m_mmu_srp_aptr
187	4	1	:maincpu	0/m_mmu_srp_limit
188	4	1	:maincpu	0/m_mmu_tc
189	4	1	:maincpu	0/m_mmu_tt0
190	4	1	:maincpu	0/m_mmu_tt1
191	4	1	:maincpu	0/m_mmu_urp_aptr
192	1	1	:maincpu	0/m_nexteatcycles
193	4	1	:maincpu	0/m_nextsuspend
194	4	1	:maincpu	0/m_nmi_pending
195	4	1	:maincpu	0/m_pc
196	1	1	:maincpu	0/m_pmmu_enabled
197	4	1	:maincpu	0/m_ppc
198	4	1	:maincpu	0/m_pref_addr
199	4	1	:maincpu	0/m_pref_data
200	4	1	:maincpu	0/m_reset_cycles
201	1	1	:maincpu	0/m_restart_instruction
202	1	1	:maincpu	0/m_save_halted
203	2	1	:maincpu	0/m_save_sr
204	1	1	:maincpu	0/m_save_stopped
205	4	1	:maincpu	0/m_sfc
206	4	1	:maincpu	0/m_suspend
207	8	1	:maincpu	0/m_totalcycles
208	4	1	:maincpu	0/m_trigger
209	4	1	:maincpu	0/m_unscaled_clock
210	4	1	:maincpu	0/m_vbr
211	4	1	:maincpu	0/m_virq_state
212	4	1	:eeprom	0/m_address
213	4	1	:eeprom	0/m_bits_accum
214	1	1	:eeprom	0/m_clk_state
215	8	1	:eeprom	0/m_clock_scale
216	1	1	:eeprom	0/m_command
217	4	1	:eeprom	0/m_command_address_accum
218	8	1	:eeprom	0/m_completion_time.attoseconds
219	4	1	:eeprom	0/m_completion_time.seconds
220	1	1	:eeprom	0/m_cs_state
221	1	128	:eeprom	0/m_data
222	1	1	:eeprom	0/m_di_state
223	8	1	:eeprom	0/m_last_cs_rising_edge_time.attoseconds
224	4	1	:eeprom	0/m_last_cs_rising_edge_time.seconds
225	1	1	:eeprom	0/m_locked
226	1	1	:eeprom	0/m_oe_state
227	4	1	:eeprom	0/m_shift_register
228	1	1	:eeprom	0/m_state
229	4	1	:eeprom	0/m_unscaled_clock
230	1	3	:	0/m_brightness
231	8	1	:	0/m_clock_scale
232	1	1	:	0/m_current_brightness
233	1	1	:	0/m_flip_screen_x
234	1	1	:	0/m_flip_screen_y
235	4	1	:	0/m_gx_rdport1_3
236	2	2048	:	0/m_gx_spriteram
237	4	1	:	0/m_gx_syncen
238	4	8	:	0/m_gx_tilebanks
239	1	1	:	0/m_gx_wrport1_0
240	1	1	:	0/m_gx_wrport1_1
241	2	1	:	0/m_gx_wrport2
242	4	1	:	0/m_k053247_coreg
243	4	1	:	0/m_k053247_coregshift
244	4	1	:	0/m_k053247_opset
245	4	4	:	0/m_k053247_vrcbk
246	1	1	:	0/m_last_alpha_tile_mix_code
247	4	1	:	0/m_ocblk
248	4	1	:	0/m_oinprion
249	4	1	:	0/m_opri
250	4	1	:	0/m_osinmix
251	4	1	:	0/m_osmixon
252	1	1	:	0/m_prev_pixel_clock
253	1	1	:	0/m_sound_ctrl
254	1	1	:	0/m_sound_intck
255	4	1	:	0/m_suspension_active
256	4	1	:	0/m_unscaled_clock
257	4	6	:	0/m_vcblk
258	4	1	:	0/m_vinmix
259	4	1	:	0/m_vmixon
260	8	1	:speaker	0/m_clock_scale
261	4	1	:speaker	0/m_unscaled_clock
262	4	1	:dasp	0/aacc
263	1	1	:dasp	0/allow_update
264	1	1	:dasp	0/ba0
265	1	1	:dasp	0/ba1
266	1	1	:dasp	0/ca
267	4	256	:dasp	0/cmem
268	4	1	:dasp	0/creg
269	4	256	:dasp	0/dmem0
270	4	32	:dasp	0/dmem1
271	1	1	:dasp	0/hidx
272	1	4	:dasp	0/host
273	1	1	:dasp	0/id
274	8	1	:dasp	0/m_clock_scale
275	1	1	:dasp	0/m_eatcycles
276	1	67	:dasp	0/m_input.m_curstate
277	4	67	:dasp	0/m_input.m_curvector
278	4	67	:dasp	0/m_input.m_stored_vector
279	8	1	:dasp	0/m_localtime.attoseconds
280	4	1	:dasp	0/m_localtime.seconds
281	1	1	:dasp	0/m_nexteatcycles
282	4	1	:dasp	0/m_nextsuspend
283	4	1	:dasp	0/m_suspend
284	8	1	:dasp	0/m_totalcycles
285	4	1	:dasp	0/m_trigger
286	4	1	:dasp	0/m_unscaled_clock
287	8	1	:dasp	0/macc
288	8	1	:dasp	0/macc_read
289	8	1	:dasp	0/macc_write
290	1	1	:dasp	0/pc
291	1	1	:dasp	0/rptc
292	1	1	:dasp	0/rptc_next
293	1	1	:dasp	0/sa
294	4	4	:dasp	0/si
295	4	4	:dasp	0/so
296	4	1	:dasp	0/st0
297	4	1	:dasp	0/st1
298	4	1	:dasp	0/sti
299	4	1	:dasp	0/txrd
300	4	16	:dasp	0/update
301	1	1	:dasp	0/update_counter_head
302	1	1	:dasp	0/update_counter_tail
303	4	1	:dasp	0/xba
304	4	1	:dasp	0/xm_adr
305	4	1	:dasp	0/xoa
306	4	1	:dasp	0/xrd
307	4	1	:dasp	0/xwr
308	8	1	:scantimer	0/m_clock_scale
309	1	1	:scantimer	0/m_first_time
310	4	1	:scantimer	0/m_unscaled_clock
311	1	1	:screen	0/m_brightness
312	8	1	:screen	0/m_clock_scale
313	8	1	:screen	0/m_frame_number
314	8	1	:screen	0/m_frame_period
315	4	1	:screen	0/m_height
316	8	1	:screen	0/m_last_partial_reset.attoseconds
317	4	1	:screen	0/m_last_partial_reset.seconds
318	4	1	:screen	0/m_last_partial_scan
319	8	1	:screen	0/m_pixeltime
320	8	1	:screen	0/m_scantime
321	4	1	:screen	0/m_unscaled_clock
322	8	1	:screen	0/m_vblank_end_time.attoseconds
323	4	1	:screen	0/m_vblank_end_time.seconds
324	8	1	:screen	0/m_vblank_period
325	8	1	:screen	0/m_vblank_start_time.attoseconds
326	4	1	:screen	0/m_vblank_start_time.seconds
327	4	1	:screen	0/m_visarea.max_x
328	4	1	:screen	0/m_visarea.max_y
329	4	1	:screen	0/m_visarea.min_x
330	4	1	:screen	0/m_visarea.min_y
331	4	1	:screen	0/m_width
332	1	1	:screen2	0/m_brightness
333	8	1	:screen2	0/m_clock_scale
334	8	1	:screen2	0/m_frame_number
335	8	1	:screen2	0/m_frame_period
336	4	1	:screen2	0/m_height
337	8	1	:screen2	0/m_last_partial_reset.attoseconds
338	4	1	:screen2	0/m_last_partial_reset.seconds
339	4	1	:screen2	0/m_last_partial_scan
340	8	1	:screen2	0/m_pixeltime
341	8	1	:screen2	0/m_scantime
342	4	1	:screen2	0/m_unscaled_clock
343	8	1	:screen2	0/m_vblank_end_time.attoseconds
344	4	1	:screen2	0/m_vblank_end_time.seconds
345	8	1	:screen2	0/m_vblank_period
346	8	1	:screen2	0/m_vblank_start_time.attoseconds
347	4	1	:screen2	0/m_vblank_start_time.seconds
348	4	1	:screen2	0/m_visarea.max_x
349	4	1	:screen2	0/m_visarea.max_y
350	4	1	:screen2	0/m_visarea.min_x
351	4	1	:screen2	0/m_visarea.min_y
352	4	1	:screen2	0/m_width
353	8	1	:gfxdecode	0/m_clock_scale
354	4	1	:gfxdecode	0/m_unscaled_clock
355	8	1	?	?
356	4	1	?	?
357	4	8	?	?
358	4	8	?	?
359	4	1	?	?
360	8	1	?	?
361	4	1	?	?
362	4	8	?	?
363	4	1	?	?
364	4	256	:dasp	0/0-ff
365	1	262144	:dasp	1/0-3ffff
366	4	1	?	?
367	4	1	?	?
368	4	8	:maincpu	0/:k053936_0_ctrl
369	4	1024	:maincpu	0/:k053936_0_line
370	4	4096	:maincpu	0/:paletteram
371	4	4096	:maincpu	0/:subpaletteram
372	4	32768	:maincpu	0/:workram
373	4	8192	:maincpu	0/d90000-d97fff
374	2	32768	:soundcpu	0/100000-10ffff
375	4	1	:	0/save_data
376	8	1	:palette	0/m_clock_scale
377	8	1	:palette	0/m_highlight_factor
378	4	16384	:palette	0/m_save_contrast
379	4	16384	:palette	0/m_save_pen
380	8	1	:palette	0/m_shadow_factor
381	4	1	:palette	0/m_shadow_mode
382	4	1	:palette	0/m_unscaled_clock
383	4	48000	?	?
384	4	1	?	?
385	4	1	?	?
386	8	1	?	?
387	4	1	?	?
388	4	48000	?	?
389	4	48000	?	?
390	4	48000	?	?
391	4	1	?	?
392	4	1	?	?
393	8	1	?	?
394	4	1	?	?
395	4	48000	?	?
396	4	1	?	?
397	4	1	?	?
398	8	1	?	?
399	4	1	?	?
400	4	48000	?	?
401	4	48000	?	?
402	4	1	?	?
403	4	1	?	?
404	8	1	?	?
405	4	1	?	?
406	4	48000	?	?
407	4	4	?	?
408	4	4	?	?
409	4	1	?	?
410	8	1	?	?
411	4	1	?	?
412	4	1	?	?
413	4	1	?	?
414	4	1	?	?
415	4	1	?	?
416	4	2	?	?
417	4	1	?	?
418	8	1	?	?
419	4	1	?	?
420	4	1	?	?
421	4	1	?	?
422	4	1	?	?
423	4	1	?	?
424	4	1	?	?
425	4	1	?	?
426	4	1	?	?
427	4	1	?	?
428	4	2	?	?
429	4	1	?	?
430	8	1	?	?
431	4	1	?	?
432	4	2	?	?
433	4	1	?	?
434	8	1	?	?
435	4	1	?	?
436	1	1	?	?
437	4	512	?	?
438	4	1	?	?
439	4	1	?	?
440	4	1	?	?
441	4	1	?	?
442	1	1	?	?
443	4	1	?	?
444	4	256	?	?
445	4	1	?	?
446	4	1	?	?
447	1	1	?	?
448	4	512	?	?
449	4	1	?	?
450	4	1	?	?
451	4	1	?	?
452	4	1	?	?
453	1	1	?	?
454	4	1	?	?
455	4	256	?	?
456	4	1	?	?
457	4	1	?	?
458	1	1	?	?
459	4	4096	?	?
460	4	1	?	?
461	4	1	?	?
462	4	1	?	?
463	4	1	?	?
464	1	1	?	?
465	4	1	?	?
466	4	4096	?	?
467	4	1	?	?
468	4	1	?	?
469	1	1	?	?
470	4	4096	?	?
471	4	1	?	?
472	4	1	?	?
473	4	1	?	?
474	4	1	?	?
475	1	1	?	?
476	4	1	?	?
477	4	4096	?	?
478	4	1	?	?
479	4	1	?	?
480	1	1	?	?
481	4	512	?	?
482	4	1	?	?
483	4	1	?	?
484	4	1	?	?
485	4	1	?	?
486	1	1	?	?
487	4	1	?	?
488	4	256	?	?
489	4	1	?	?
490	4	1	?	?
491	1	1	?	?
492	4	512	?	?
493	4	1	?	?
494	4	1	?	?
495	4	1	?	?
496	4	1	?	?
497	1	1	?	?
498	4	1	?	?
499	4	256	?	?
500	4	1	?	?
501	4	1	?	?
502	1	1	?	?
503	4	512	?	?
504	4	1	?	?
505	4	1	?	?
506	4	1	?	?
507	4	1	?	?
508	1	1	?	?
509	4	1	?	?
510	4	256	?	?
511	4	1	?	?
512	4	1	?	?
513	1	1	?	?
514	4	512	?	?
515	4	1	?	?
516	4	1	?	?
517	4	1	?	?
518	4	1	?	?
519	1	1	?	?
520	4	1	?	?
521	4	256	?	?
522	4	1	?	?
523	4	1	?	?
524	1	1	?	?
525	4	512	?	?
526	4	1	?	?
527	4	1	?	?
528	4	1	?	?
529	4	1	?	?
530	1	1	?	?
531	4	1	?	?
532	4	256	?	?
533	4	1	?	?
534	4	1	?	?
535	1	1	?	?
536	4	512	?	?
537	4	1	?	?
538	4	1	?	?
539	4	1	?	?
540	4	1	?	?
541	1	1	?	?
542	4	1	?	?
543	4	256	?	?
544	4	1	?	?
545	4	1	?	?
546	1	1	?	?
547	4	512	?	?
548	4	1	?	?
549	4	1	?	?
550	4	1	?	?
551	4	1	?	?
552	1	1	?	?
553	4	1	?	?
554	4	256	?	?
555	4	1	?	?
556	4	1	?	?
557	1	1	?	?
558	4	512	?	?
559	4	1	?	?
560	4	1	?	?
561	4	1	?	?
562	4	1	?	?
563	1	1	?	?
564	4	1	?	?
565	4	256	?	?
566	4	1	?	?
567	4	1	?	?
568	1	1	?	?
569	4	512	?	?
570	4	1	?	?
571	4	1	?	?
572	4	1	?	?
573	4	1	?	?
574	1	1	?	?
575	4	1	?	?
576	4	256	?	?
577	4	1	?	?
578	4	1	?	?
579	1	1	?	?
580	4	512	?	?
581	4	1	?	?
582	4	1	?	?
583	4	1	?	?
584	4	1	?	?
585	1	1	?	?
586	4	1	?	?
587	4	256	?	?
588	4	1	?	?
589	4	1	?	?
590	1	1	?	?
591	4	512	?	?
592	4	1	?	?
593	4	1	?	?
594	4	1	?	?
595	4	1	?	?
596	1	1	?	?
597	4	1	?	?
598	4	256	?	?
599	4	1	?	?
600	4	1	?	?
601	1	1	?	?
602	4	512	?	?
603	4	1	?	?
604	4	1	?	?
605	4	1	?	?
606	4	1	?	?
607	1	1	?	?
608	4	1	?	?
609	4	256	?	?
610	4	1	?	?
611	4	1	?	?
612	1	1	?	?
613	4	512	?	?
614	4	1	?	?
615	4	1	?	?
616	4	1	?	?
617	4	1	?	?
618	1	1	?	?
619	4	1	?	?
620	4	256	?	?
621	4	1	?	?
622	4	1	?	?
623	1	1	?	?
624	4	512	?	?
625	4	1	?	?
626	4	1	?	?
627	4	1	?	?
628	4	1	?	?
629	1	1	?	?
630	4	1	?	?
631	4	256	?	?
632	4	1	?	?
633	4	1	?	?
634	1	1	?	?
635	8	1	?	?
636	4	1	?	?
637	4	1	?	?
638	4	1	?	?
639	8	1	?	?
640	4	1	?	?
641	8	1	?	?
642	4	1	?	?
643	1	1	?	?
644	8	1	?	?
645	4	1	?	?
646	4	1	?	?
647	4	1	?	?
648	8	1	?	?
649	4	1	?	?
650	8	1	?	?
651	4	1	?	?
652	1	1	?	?
653	8	1	?	?
654	4	1	?	?
655	4	1	?	?
656	4	1	?	?
657	8	1	?	?
658	4	1	?	?
659	8	1	?	?
660	4	1	?	?
661	1	1	?	?
662	8	1	?	?
663	4	1	?	?
664	4	1	?	?
665	4	1	?	?
666	8	1	?	?
667	4	1	?	?
668	8	1	?	?
669	4	1	?	?
670	1	1	?	?
671	8	1	?	?
672	4	1	?	?
673	4	1	?	?
674	4	1	?	?
675	8	1	?	?
676	4	1	?	?
677	8	1	?	?
678	4	1	?	?
679	1	1	?	?
680	8	1	?	?
681	4	1	?	?
682	4	1	?	?
683	4	1	?	?
684	8	1	?	?
685	4	1	?	?
686	8	1	?	?
687	4	1	?	?
688	1	1	?	?
689	8	1	?	?
690	4	1	?	?
691	4	1	?	?
692	4	1	?	?
693	8	1	?	?
694	4	1	?	?
695	8	1	?	?
696	4	1	?	?
697	1	1	?	?
698	8	1	?	?
699	4	1	?	?
700	4	1	?	?
701	4	1	?	?
702	8	1	?	?
703	4	1	?	?
704	8	1	?	?
705	4	1	?	?
706	1	1	?	?
707	8	1	?	?
708	4	1	?	?
709	4	1	?	?
710	4	1	?	?
711	8	1	?	?
712	4	1	?	?
713	8	1	?	?
714	4	1	?	?
715	1	1	?	?
716	8	1	?	?
717	4	1	?	?
718	4	1	?	?
719	4	1	?	?
720	8	1	?	?
721	4	1	?	?
722	8	1	?	?
723	4	1	?	?
724	1	1	?	?
725	8	1	?	?
726	4	1	?	?
727	4	1	?	?
728	4	1	?	?
729	8	1	?	?
730	4	1	?	?
731	8	1	?	?
732	4	1	?	?
733	1	1	?	?
734	8	1	?	?
735	4	1	?	?
736	4	1	?	?
737	4	1	?	?
738	8	1	?	?
739	4	1	?	?
740	8	1	?	?
741	4	1	?	?
742	1	1	?	?
743	8	1	?	?
744	4	1	?	?
745	4	1	?	?
746	4	1	?	?
747	8	1	?	?
748	4	1	?	?
749	8	1	?	?
750	4	1	?	?
751	1	1	?	?
752	8	1	?	?
753	4	1	?	?
754	4	1	?	?
755	4	1	?	?
756	8	1	?	?
757	4	1	?	?
758	8	1	?	?
759	4	1	?	?
760	1	1	?	?
761	8	1	?	?
762	4	1	?	?
763	4	1	?	?
764	4	1	?	?
765	8	1	?	?
766	4	1	?	?
767	8	1	?	?
768	4	1	?	?
769	1	1	?	?
770	8	1	?	?
771	4	1	?	?
772	4	1	?	?
773	4	1	?	?
774	8	1	?	?
775	4	1	?	?
776	8	1	?	?
777	4	1	?	?
778	1	1	?	?
779	8	1	?	?
780	4	1	?	?
781	4	1	?	?
782	4	1	?	?
783	8	1	?	?
784	4	1	?	?
785	8	1	?	?
786	4	1	?	?
787	1	1	?	?
788	8	1	?	?
789	4	1	?	?
790	4	1	?	?
791	4	1	?	?
792	8	1	?	?
793	4	1	?	?
794	8	1	?	?
795	4	1	?	?
796	1	1	?	?
797	8	1	?	?
798	4	1	?	?
799	4	1	?	?
800	4	1	?	?
801	8	1	?	?
802	4	1	?	?
803	8	1	?	?
804	4	1	?	?
805	1	1	?	?
806	8	1	?	?
807	4	1	?	?
808	4	1	?	?
809	4	1	?	?
810	8	1	?	?
811	4	1	?	?
812	8	1	?	?
813	4	1	?	?
814	1	1	?	?
815	8	1	?	?
816	4	1	?	?
817	4	1	?	?
818	4	1	?	?
819	8	1	?	?
820	4	1	?	?
821	8	1	?	?
822	4	1	?	?
823	1	1	?	?
824	8	1	?	?
825	4	1	?	?
826	4	1	?	?
827	4	1	?	?
828	8	1	?	?
829	4	1	?	?
830	8	1	?	?
831	4	1	?	?
832	1	1	?	?
833	8	1	?	?
834	4	1	?	?
835	4	1	?	?
836	4	1	?	?
837	8	1	?	?
838	4	1	?	?
839	8	1	?	?
840	4	1	?	?
841	1	1	?	?
842	8	1	?	?
843	4	1	?	?
844	4	1	?	?
845	4	1	?	?
846	8	1	?	?
847	4	1	?	?
848	8	1	?	?
849	4	1	?	?
850	1	1	?	?
851	8	1	?	?
852	4	1	?	?
853	4	1	?	?
854	4	1	?	?
855	8	1	?	?
856	4	1	?	?
857	8	1	?	?
858	4	1	?	?
859	1	1	?	?
860	8	1	?	?
861	4	1	?	?
862	4	1	?	?
863	4	1	?	?
864	8	1	?	?
865	4	1	?	?
866	8	1	?	?
867	4	1	?	?
868	1	1	?	?
869	8	1	?	?
870	4	1	?	?
871	4	1	?	?
872	4	1	?	?
873	8	1	?	?
874	4	1	?	?
875	8	1	?	?
876	4	1	?	?
877	1	1	?	?
878	8	1	?	?
879	4	1	?	?
880	4	1	?	?
881	4	1	?	?
882	8	1	?	?
883	4	1	?	?
884	8	1	?	?
885	4	1	?	?
886	1	1	?	?
887	8	1	?	?
888	4	1	?	?
889	4	1	?	?
890	4	1	?	?
891	8	1	?	?
892	4	1	?	?
893	8	1	?	?
894	4	1	?	?
895	1	1	?	?
896	8	1	?	?
897	4	1	?	?
898	4	1	?	?
899	4	1	?	?
900	8	1	?	?
901	4	1	?	?
902	8	1	?	?
903	4	1	?	?
904	1	1	?	?
905	8	1	?	?
906	4	1	?	?
907	4	1	?	?
908	4	1	?	?
909	8	1	?	?
910	4	1	?	?
911	8	1	?	?
912	4	1	?	?
913	1	1	?	?
914	8	1	?	?
915	4	1	?	?
916	4	1	?	?
917	4	1	?	?
918	8	1	?	?
919	4	1	?	?
920	8	1	?	?
921	4	1	?	?
922	1	1	?	?
923	8	1	?	?
924	4	1	?	?
925	4	1	?	?
926	4	1	?	?
927	8	1	?	?
928	4	1	?	?
929	8	1	?	?
930	4	1	?	?
931	1	1	?	?
932	8	1	?	?
933	4	1	?	?
934	4	1	?	?
935	4	1	?	?
936	8	1	?	?
937	4	1	?	?
938	8	1	?	?
939	4	1	?	?
940	1	1	?	?
941	8	1	?	?
942	4	1	?	?
943	4	1	?	?
944	4	1	?	?
945	8	1	?	?
946	4	1	?	?
947	8	1	?	?
948	4	1	?	?
949	1	1	?	?
950	8	1	?	?
951	4	1	?	?
952	4	1	?	?
953	4	1	?	?
954	8	1	?	?
955	4	1	?	?
956	8	1	?	?
957	4	1	?	?
958	1	1	?	?
959	8	1	?	?
960	4	1	?	?
961	4	1	?	?
962	4	1	?	?
963	8	1	?	?
964	4	1	?	?
965	8	1	?	?
966	4	1	?	?
967	1	1	?	?
968	8	1	?	?
969	4	1	?	?
970	4	1	?	?
971	4	1	?	?
972	8	1	?	?
973	4	1	?	?
974	8	1	?	?
975	4	1	?	?
976	1	1	?	?
977	8	1	?	?
978	4	1	?	?
979	4	1	?	?
980	4	1	?	?
981	8	1	?	?
982	4	1	?	?
983	8	1	?	?
984	4	1	?	?
985	1	1	?	?
986	8	1	?	?
987	4	1	?	?
988	4	1	?	?
989	4	1	?	?
990	8	1	?	?
991	4	1	?	?
992	8	1	?	?
993	4	1	?	?
994	1	1	?	?
995	8	1	?	?
996	4	1	?	?
997	4	1	?	?
998	4	1	?	?
999	8	1	?	?
1000	4	1	?	?
1001	8	1	?	?
1002	4	1	?	?
1003	1	1	?	?
1004	8	1	?	?
1005	4	1	?	?
1006	4	1	?	?
1007	4	1	?	?
1008	8	1	?	?
1009	4	1	?	?
1010	8	1	?	?
1011	4	1	?	?
1012	1	1	?	?
1013	8	1	?	?
1014	4	1	?	?
1015	4	1	?	?
1016	4	1	?	?
1017	8	1	?	?
1018	4	1	?	?
1019	8	1	?	?
1020	4	1	?	?
1021	1	1	?	?
1022	8	1	?	?
1023	4	1	?	?
1024	4	1	?	?
1025	4	1	?	?
1026	8	1	?	?
1027	4	1	?	?
1028	8	1	?	?
1029	4	1	?	?
1030	1	1	?	?
1031	8	1	?	?
1032	4	1	?	?
1033	4	1	?	?
1034	4	1	?	?
1035	8	1	?	?
1036	4	1	?	?
1037	8	1	?	?
1038	4	1	?	?
1039	1	1	?	?
1040	8	1	?	?
1041	4	1	?	?
1042	4	1	?	?
1043	4	1	?	?
1044	8	1	?	?
1045	4	1	?	?
1046	8	1	?	?
1047	4	1	?	?
1048	1	1	?	?
1049	8	1	?	?
1050	4	1	?	?
1051	4	1	?	?
1052	4	1	?	?
1053	8	1	?	?
1054	4	1	?	?
1055	8	1	?	?
1056	4	1	?	?
1057	1	1	?	?
1058	8	1	?	?
1059	4	1	?	?
1060	4	1	?	?
1061	4	1	?	?
1062	8	1	?	?
1063	4	1	?	?
1064	8	1	?	?
1065	4	1	?	?
1066	1	1	?	?
1067	8	1	?	?
1068	4	1	?	?
1069	4	1	?	?
1070	4	1	?	?
1071	8	1	?	?
1072	4	1	?	?
1073	8	1	?	?
1074	4	1	?	?
1075	1	1	?	?
1076	8	1	?	?
1077	4	1	?	?
1078	4	1	?	?
1079	4	1	?	?
1080	8	1	?	?
1081	4	1	?	?
1082	8	1	?	?
1083	4	1	?	?
1084	1	1	?	?
1085	8	1	?	?
1086	4	1	?	?
1087	4	1	?	?
1088	4	1	?	?
1089	8	1	?	?
1090	4	1	?	?
1091	8	1	?	?
1092	4	1	?	?
1093	1	1	?	?
1094	8	1	?	?
1095	4	1	?	?
1096	4	1	?	?
1097	4	1	?	?
1098	8	1	?	?
1099	4	1	?	?
1100	8	1	?	?
1101	4	1	?	?
1102	1	1	?	?
1103	8	1	?	?
1104	4	1	?	?
1105	4	1	?	?
1106	4	1	?	?
1107	8	1	?	?
1108	4	1	?	?
1109	8	1	?	?
1110	4	1	?	?
1111	1	1	?	?
1112	8	1	?	?
1113	4	1	?	?
1114	4	1	?	?
1115	4	1	?	?
1116	8	1	?	?
1117	4	1	?	?
1118	8	1	?	?
1119	4	1	?	?
1120	1	1	?	?
1121	8	1	?	?
1122	4	1	?	?
1123	4	1	?	?
1124	4	1	?	?
1125	8	1	?	?
1126	4	1	?	?
1127	8	1	?	?
1128	4	1	?	?
1129	1	1	?	?
1130	8	1	?	?
1131	4	1	?	?
1132	4	1	?	?
1133	4	1	?	?
1134	8	1	?	?
1135	4	1	?	?
1136	8	1	?	?
1137	4	1	?	?
1138	1	1	?	?
1139	8	1	?	?
1140	4	1	?	?
1141	4	1	?	?
1142	4	1	?	?
1143	8	1	?	?
1144	4	1	?	?
1145	8	1	?	?
1146	4	1	?	?
1147	1	1	?	?
1148	8	1	?	?
1149	4	1	?	?
1150	4	1	?	?
1151	4	1	?	?
1152	8	1	?	?
1153	4	1	?	?
1154	8	1	?	?
1155	4	1	?	?
1156	1	1	?	?
1157	8	1	?	?
1158	4	1	?	?
1159	4	1	?	?
1160	4	1	?	?
1161	8	1	?	?
1162	4	1	?	?
1163	8	1	?	?
1164	4	1	?	?
1165	1	1	?	?
1166	8	1	?	?
1167	4	1	?	?
1168	4	1	?	?
1169	4	1	?	?
1170	8	1	?	?
1171	4	1	?	?
1172	8	1	?	?
1173	4	1	?	?
1174	1	1	?	?
1175	8	1	?	?
1176	4	1	?	?
1177	4	1	?	?
1178	4	1	?	?
1179	8	1	?	?
1180	4	1	?	?
1181	8	1	?	?
1182	4	1	?	?
1183	1	1	?	?
1184	8	1	?	?
1185	4	1	?	?
1186	4	1	?	?
1187	4	1	?	?
1188	8	1	?	?
1189	4	1	?	?
1190	8	1	?	?
1191	4	1	?	?
1192	1	1	?	?
1193	8	1	?	?
1194	4	1	?	?
1195	4	1	?	?
1196	4	1	?	?
1197	8	1	?	?
1198	4	1	?	?
1199	8	1	?	?
1200	4	1	?	?
1201	1	1	?	?
1202	8	1	?	?
1203	4	1	?	?
1204	4	1	?	?
1205	4	1	?	?
1206	8	1	?	?
1207	4	1	?	?
1208	8	1	?	?
1209	4	1	?	?
1210	1	1	?	?
1211	8	1	?	?
1212	4	1	?	?
1213	4	1	?	?
1214	4	1	?	?
1215	8	1	?	?
1216	4	1	?	?
1217	8	1	?	?
1218	4	1	?	?
1219	1	1	?	?
1220	8	1	?	?
1221	4	1	?	?
1222	4	1	?	?
1223	4	1	?	?
1224	8	1	?	?
1225	4	1	?	?
1226	8	1	?	?
1227	4	1	?	?
1228	1	1	?	?
1229	8	1	?	?
1230	4	1	?	?
1231	4	1	?	?
1232	4	1	?	?
1233	8	1	?	?
1234	4	1	?	?
1235	8	1	?	?
1236	4	1	?	?
1237	1	1	?	?
1238	8	1	?	?
1239	4	1	?	?
1240	4	1	?	?
1241	4	1	?	?
1242	8	1	?	?
1243	4	1	?	?
1244	8	1	?	?
1245	4	1	?	?
1246	1	1	?	?
1247	8	1	?	?
1248	4	1	?	?
1249	4	1	?	?
1250	4	1	?	?
1251	8	1	?	?
1252	4	1	?	?
1253	8	1	?	?
1254	4	1	?	?
1255	1	1	?	?
1256	8	1	?	?
1257	4	1	?	?
1258	4	1	?	?
1259	4	1	?	?
1260	8	1	?	?
1261	4	1	?	?
1262	8	1	?	?
1263	4	1	?	?
1264	1	1	?	?
1265	8	1	?	?
1266	4	1	?	?
1267	4	1	?	?
1268	4	1	?	?
1269	8	1	?	?
1270	4	1	?	?
1271	8	1	?	?
1272	4	1	?	?
1273	1	1	?	?
1274	8	1	?	?
1275	4	1	?	?
1276	4	1	?	?
1277	4	1	?	?
1278	8	1	?	?
1279	4	1	?	?
1280	8	1	?	?
1281	4	1	?	?
1282	1	1	?	?
1283	8	1	?	?
1284	4	1	?	?
1285	4	1	?	?
1286	4	1	?	?
1287	8	1	?	?
1288	4	1	?	?
1289	8	1	?	?
1290	4	1	?	?
1291	1	1	?	?
1292	8	1	?	?
1293	4	1	?	?
1294	4	1	?	?
1295	4	1	?	?
1296	8	1	?	?
1297	4	1	?	?
1298	8	1	?	?
1299	4	1	?	?
1300	1	1	?	?
1301	8	1	?	?
1302	4	1	?	?
1303	4	1	?	?
1304	4	1	?	?
1305	8	1	?	?
1306	4	1	?	?
1307	8	1	?	?
1308	4	1	?	?
1309	1	1	?	?
1310	8	1	?	?
1311	4	1	?	?
1312	4	1	?	?
1313	4	1	?	?
1314	8	1	?	?
1315	4	1	?	?
1316	8	1	?	?
1317	4	1	?	?
1318	1	1	?	?
1319	8	1	?	?
1320	4	1	?	?
1321	4	1	?	?
1322	4	1	?	?
1323	8	1	?	?
1324	4	1	?	?
1325	8	1	?	?
1326	4	1	?	?
1327	1	1	?	?
1328	8	1	?	?
1329	4	1	?	?
1330	4	1	?	?
1331	4	1	?	?
1332	8	1	?	?
1333	4	1	?	?
1334	8	1	?	?
1335	4	1	?	?
1336	1	1	?	?
1337	8	1	?	?
1338	4	1	?	?
1339	4	1	?	?
1340	4	1	?	?
1341	8	1	?	?
1342	4	1	?	?
1343	8	1	?	?
1344	4	1	?	?
1345	1	1	?	?
1346	8	1	?	?
1347	4	1	?	?
1348	4	1	?	?
1349	4	1	?	?
1350	8	1	?	?
1351	4	1	?	?
1352	8	1	?	?
1353	4	1	?	?
1354	1	1	?	?
1355	8	1	?	?
1356	4	1	?	?
1357	4	1	?	?
1358	4	1	?	?
1359	8	1	?	?
1360	4	1	?	?
1361	8	1	?	?
1362	4	1	?	?
1363	1	1	?	?
1364	8	1	?	?
1365	4	1	?	?
1366	4	1	?	?
1367	4	1	?	?
1368	8	1	?	?
1369	4	1	?	?
1370	8	1	?	?
1371	4	1	?	?
1372	1	1	?	?
1373	8	1	?	?
1374	4	1	?	?
1375	4	1	?	?
1376	4	1	?	?
1377	8	1	?	?
1378	4	1	?	?
1379	8	1	?	?
1380	4	1	?	?
1381	1	1	?	?
1382	8	1	?	?
1383	4	1	?	?
1384	4	1	?	?
1385	4	1	?	?
1386	8	1	?	?
1387	4	1	?	?
1388	8	1	?	?
1389	4	1	?	?
1390	1	1	?	?
1391	8	1	?	?
1392	4	1	?	?
1393	4	1	?	?
1394	4	1	?	?
1395	8	1	?	?
1396	4	1	?	?
1397	8	1	?	?
1398	4	1	?	?
1399	1	1	?	?
1400	8	1	?	?
1401	4	1	?	?
1402	4	1	?	?
1403	4	1	?	?
1404	8	1	?	?
1405	4	1	?	?
1406	8	1	?	?
1407	4	1	?	?
1408	1	1	?	?
1409	8	1	?	?
1410	4	1	?	?
1411	4	1	?	?
1412	4	1	?	?
1413	8	1	?	?
1414	4	1	?	?
1415	8	1	?	?
1416	4	1	?	?
1417	1	1	?	?
1418	8	1	?	?
1419	4	1	?	?
1420	4	1	?	?
1421	4	1	?	?
1422	8	1	?	?
1423	4	1	?	?
1424	8	1	?	?
1425	4	1	?	?
1426	1	1	?	?
1427	8	1	?	?
1428	4	1	?	?
1429	4	1	?	?
1430	4	1	?	?
1431	8	1	?	?
1432	4	1	?	?
1433	8	1	?	?
1434	4	1	?	?
1435	1	1	?	?
1436	8	1	?	?
1437	4	1	?	?
1438	4	1	?	?
1439	4	1	?	?
1440	8	1	?	?
1441	4	1	?	?
1442	8	1	?	?
1443	4	1	?	?
1444	1	1	?	?
1445	8	1	?	?
1446	4	1	?	?
1447	4	1	?	?
1448	4	1	?	?
1449	8	1	?	?
1450	4	1	?	?
1451	8	1	?	?
1452	4	1	?	?
1453	1	1	?	?
1454	8	1	?	?
1455	4	1	?	?
1456	4	1	?	?
1457	4	1	?	?
1458	8	1	?	?
1459	4	1	?	?
1460	8	1	?	?
1461	4	1	?	?
1462	1	1	?	?
1463	8	1	?	?
1464	4	1	?	?
1465	4	1	?	?
1466	4	1	?	?
1467	8	1	?	?
1468	4	1	?	?
1469	8	1	?	?
1470	4	1	?	?
1471	1	1	?	?
1472	8	1	?	?
1473	4	1	?	?
1474	4	1	?	?
1475	4	1	?	?
1476	8	1	?	?
1477	4	1	?	?
1478	8	1	?	?
1479	4	1	?	?
1480	1	1	?	?
1481	8	1	?	?
1482	4	1	?	?
1483	4	1	?	?
1484	4	1	?	?
1485	8	1	?	?
1486	4	1	?	?
1487	8	1	?	?
1488	4	1	?	?
1489	1	1	?	?
1490	8	1	?	?
1491	4	1	?	?
1492	4	1	?	?
1493	4	1	?	?
1494	8	1	?	?
1495	4	1	?	?
1496	8	1	?	?
1497	4	1	?	?
1498	1	1	?	?
1499	8	1	?	?
1500	4	1	?	?
1501	4	1	?	?
1502	4	1	?	?
1503	8	1	?	?
1504	4	1	?	?
1505	8	1	?	?
1506	4	1	?	?
1507	1	1	?	?
1508	8	1	?	?
1509	4	1	?	?
1510	4	1	?	?
1511	4	1	?	?
1512	8	1	?	?
1513	4	1	?	?
1514	8	1	?	?
1515	4	1	?	?
1516	1	1	?	?
1517	8	1	?	?
1518	4	1	?	?
1519	4	1	?	?
1520	4	1	?	?
1521	8	1	?	?
1522	4	1	?	?
1523	8	1	?	?
1524	4	1	?	?
1525	1	1	?	?
1526	8	1	?	?
1527	4	1	?	?
1528	4	1	?	?
1529	4	1	?	?
1530	8	1	?	?
1531	4	1	?	?
1532	8	1	?	?
1533	4	1	?	?
1534	1	1	?	?
1535	8	1	?	?
1536	4	1	?	?
1537	4	1	?	?
1538	4	1	?	?
1539	8	1	?	?
1540	4	1	?	?
1541	8	1	?	?
1542	4	1	?	?
1543	1	1	?	?
1544	8	1	?	?
1545	4	1	?	?
1546	4	1	?	?
1547	4	1	?	?
1548	8	1	?	?
1549	4	1	?	?
1550	8	1	?	?
1551	4	1	?	?
1552	1	1	?	?
1553	8	1	?	?
1554	4	1	?	?
1555	4	1	?	?
1556	4	1	?	?
1557	8	1	?	?
1558	4	1	?	?
1559	8	1	?	?
1560	4	1	?	?
1561	1	1	?	?
1562	8	1	?	?
1563	4	1	?	?
1564	4	1	?	?
1565	4	1	?	?
1566	8	1	?	?
1567	4	1	?	?
1568	8	1	?	?
1569	4	1	?	?
1570	1	1	?	?
1571	8	1	?	?
1572	4	1	?	?
1573	4	1	?	?
1574	4	1	?	?
1575	8	1	?	?
1576	4	1	?	?
1577	8	1	?	?
1578	4	1	?	?
1579	1	1	?	?
1580	8	1	?	?
1581	4	1	?	?
1582	4	1	?	?
1583	4	1	?	?
1584	8	1	?	?
1585	4	1	?	?
1586	8	1	?	?
1587	4	1	?	?
1588	1	1	?	?
1589	8	1	?	?
1590	4	1	?	?
1591	4	1	?	?
1592	4	1	?	?
1593	8	1	?	?
1594	4	1	?	?
1595	8	1	?	?
1596	4	1	?	?
1597	1	1	?	?
1598	8	1	?	?
1599	4	1	?	?
1600	4	1	?	?
1601	4	1	?	?
1602	8	1	?	?
1603	4	1	?	?
1604	8	1	?	?
1605	4	1	?	?
1606	1	1	?	?
1607	8	1	?	?
1608	4	1	?	?
1609	4	1	?	?
1610	4	1	?	?
1611	8	1	?	?
1612	4	1	?	?
1613	8	1	?	?
1614	4	1	?	?
1615	1	1	?	?
1616	8	1	?	?
1617	4	1	?	?
1618	4	1	?	?
1619	4	1	?	?
1620	8	1	?	?
1621	4	1	?	?
1622	8	1	?	?
1623	4	1	?	?
1624	1	1	?	?
1625	8	1	?	?
1626	4	1	?	?
1627	4	1	?	?
1628	4	1	?	?
1629	8	1	?	?
1630	4	1	?	?
1631	8	1	?	?
1632	4	1	?	?
1633	1	1	?	?
1634	8	1	?	?
1635	4	1	?	?
1636	4	1	?	?
1637	4	1	?	?
1638	8	1	?	?
1639	4	1	?	?
1640	8	1	?	?
1641	4	1	?	?
1642	1	1	?	?
1643	8	1	?	?
1644	4	1	?	?
1645	4	1	?	?
1646	4	1	?	?
1647	8	1	?	?
1648	4	1	?	?
1649	8	1	?	?
1650	4	1	?	?
1651	1	1	?	?
1652	8	1	?	?
1653	4	1	?	?
1654	4	1	?	?
1655	4	1	?	?
1656	8	1	?	?
1657	4	1	?	?
1658	8	1	?	?
1659	4	1	?	?
1660	1	1	?	?
1661	8	1	?	?
1662	4	1	?	?
1663	4	1	?	?
1664	4	1	?	?
1665	8	1	?	?
1666	4	1	?	?
1667	8	1	?	?
1668	4	1	?	?
1669	1	1	?	?
1670	8	1	?	?
1671	4	1	?	?
1672	4	1	?	?
1673	4	1	?	?
1674	8	1	?	?
1675	4	1	?	?
1676	8	1	?	?
1677	4	1	?	?
1678	1	1	?	?
1679	8	1	?	?
1680	4	1	?	?
1681	4	1	?	?
1682	4	1	?	?
1683	8	1	?	?
1684	4	1	?	?
1685	8	1	?	?
1686	4	1	?	?
1687	1	1	?	?
1688	8	1	?	?
1689	4	1	?	?
1690	4	1	?	?
1691	4	1	?	?
1692	8	1	?	?
1693	4	1	?	?
1694	8	1	?	?
1695	4	1	?	?
1696	1	1	?	?
1697	8	1	?	?
1698	4	1	?	?
1699	4	1	?	?
1700	4	1	?	?
1701	8	1	?	?
1702	4	1	?	?
1703	8	1	?	?
1704	4	1	?	?
1705	1	1	?	?
1706	8	1	?	?
1707	4	1	?	?
1708	4	1	?	?
1709	4	1	?	?
1710	8	1	?	?
1711	4	1	?	?
1712	8	1	?	?
1713	4	1	?	?
1714	1	1	?	?
1715	8	1	?	?
1716	4	1	?	?
1717	4	1	?	?
1718	4	1	?	?
1719	8	1	?	?
1720	4	1	?	?
1721	8	1	?	?
1722	4	1	?	?
1723	1	1	?	?
1724	8	1	?	?
1725	4	1	?	?
1726	4	1	?	?
1727	4	1	?	?
1728	8	1	?	?
1729	4	1	?	?
1730	8	1	?	?
1731	4	1	?	?
1732	1	1	?	?
1733	8	1	?	?
1734	4	1	?	?
1735	4	1	?	?
1736	4	1	?	?
1737	8	1	?	?
1738	4	1	?	?
1739	8	1	?	?
1740	4	1	?	?
1741	1	1	?	?
1742	8	1	?	?
1743	4	1	?	?
1744	4	1	?	?
1745	4	1	?	?
1746	8	1	?	?
1747	4	1	?	?
1748	8	1	?	?
1749	4	1	?	?
1750	1	1	?	?
1751	8	1	?	?
1752	4	1	?	?
1753	4	1	?	?
1754	4	1	?	?
1755	8	1	?	?
1756	4	1	?	?
1757	8	1	?	?
1758	4	1	?	?
1759	1	1	?	?
1760	8	1	?	?
1761	4	1	?	?
1762	4	1	?	?
1763	4	1	?	?
1764	8	1	?	?
1765	4	1	?	?
1766	8	1	?	?
1767	4	1	?	?
1768	1	1	?	?
1769	8	1	?	?
1770	4	1	?	?
1771	4	1	?	?
1772	4	1	?	?
1773	8	1	?	?
1774	4	1	?	?
1775	8	1	?	?
1776	4	1	?	?
1777	1	1	?	?
1778	8	1	?	?
1779	4	1	?	?
1780	4	1	?	?
1781	4	1	?	?
1782	8	1	?	?
1783	4	1	?	?
1784	8	1	?	?
1785	4	1	?	?
1786	1	1	?	?
1787	8	1	?	?
1788	4	1	?	?
1789	4	1	?	?
1790	4	1	?	?
1791	8	1	?	?
1792	4	1	?	?
1793	8	1	?	?
1794	4	1	?	?
1795	1	1	?	?
1796	8	1	?	?
1797	4	1	?	?
1798	4	1	?	?
1799	4	1	?	?
1800	8	1	?	?
1801	4	1	?	?
1802	8	1	?	?
1803	4	1	?	?
1804	1	1	?	?
1805	8	1	?	?
1806	4	1	?	?
1807	4	1	?	?
1808	4	1	?	?
1809	8	1	?	?
1810	4	1	?	?
1811	8	1	?	?
1812	4	1	?	?
1813	1	1	?	?
1814	8	1	?	?
1815	4	1	?	?
1816	4	1	?	?
1817	4	1	?	?
1818	8	1	?	?
1819	4	1	?	?
1820	8	1	?	?
1821	4	1	?	?
1822	1	1	?	?
1823	8	1	?	?
1824	4	1	?	?
1825	4	1	?	?
1826	4	1	?	?
1827	8	1	?	?
1828	4	1	?	?
1829	8	1	?	?
1830	4	1	?	?
1831	1	1	?	?
1832	8	1	?	?
1833	4	1	?	?
1834	4	1	?	?
1835	4	1	?	?
1836	8	1	?	?
1837	4	1	?	?
1838	8	1	?	?
1839	4	1	?	?
1840	1	1	?	?
1841	8	1	?	?
1842	4	1	?	?
1843	4	1	?	?
1844	4	1	?	?
1845	8	1	?	?
1846	4	1	?	?
1847	8	1	?	?
1848	4	1	?	?
1849	1	1	?	?
1850	8	1	?	?
1851	4	1	?	?
1852	4	1	?	?
1853	4	1	?	?
1854	8	1	?	?
1855	4	1	?	?
1856	8	1	?	?
1857	4	1	?	?
1858	1	1	?	?
1859	8	1	?	?
1860	4	1	?	?
1861	4	1	?	?
1862	4	1	?	?
1863	8	1	?	?
1864	4	1	?	?
1865	8	1	?	?
1866	4	1	?	?
1867	1	1	?	?
1868	8	1	?	?
1869	4	1	?	?
1870	4	1	?	?
1871	4	1	?	?
1872	8	1	?	?
1873	4	1	?	?
1874	8	1	?	?
1875	4	1	?	?
1876	1	1	?	?
1877	8	1	?	?
1878	4	1	?	?
1879	4	1	?	?
1880	4	1	?	?
1881	8	1	?	?
1882	4	1	?	?
1883	8	1	?	?
1884	4	1	?	?
1885	1	1	?	?
1886	8	1	?	?
1887	4	1	?	?
1888	4	1	?	?
1889	4	1	?	?
1890	8	1	?	?
1891	4	1	?	?
1892	8	1	?	?
1893	4	1	?	?
1894	1	1	?	?
1895	8	1	?	?
1896	4	1	?	?
1897	4	1	?	?
1898	4	1	?	?
1899	8	1	?	?
1900	4	1	?	?
1901	8	1	?	?
1902	4	1	?	?
1903	1	1	?	?
1904	8	1	?	?
1905	4	1	?	?
1906	4	1	?	?
1907	4	1	?	?
1908	8	1	?	?
1909	4	1	?	?
1910	8	1	?	?
1911	4	1	?	?
1912	1	1	?	?
1913	8	1	?	?
1914	4	1	?	?
1915	4	1	?	?
1916	4	1	?	?
1917	8	1	?	?
1918	4	1	?	?
1919	8	1	?	?
1920	4	1	?	?
1921	1	1	?	?
1922	8	1	?	?
1923	4	1	?	?
1924	4	1	?	?
1925	4	1	?	?
1926	8	1	?	?
1927	4	1	?	?
1928	8	1	?	?
1929	4	1	?	?
1930	1	1	?	?
1931	8	1	?	?
1932	4	1	?	?
1933	4	1	?	?
1934	4	1	?	?
1935	8	1	?	?
1936	4	1	?	?
1937	8	1	?	?
1938	4	1	?	?
1939	1	1	?	?
1940	8	1	?	?
1941	4	1	?	?
1942	4	1	?	?
1943	4	1	?	?
1944	8	1	?	?
1945	4	1	?	?
1946	8	1	?	?
1947	4	1	?	?
1948	1	1	?	?
1949	8	1	?	?
1950	4	1	?	?
1951	4	1	?	?
1952	4	1	?	?
1953	8	1	?	?
1954	4	1	?	?
1955	8	1	?	?
1956	4	1	?	?
1957	1	1	?	?
1958	8	1	?	?
1959	4	1	?	?
1960	4	1	?	?
1961	4	1	?	?
1962	8	1	?	?
1963	4	1	?	?
1964	8	1	?	?
1965	4	1	?	?
1966	1	1	?	?
1967	8	1	?	?
1968	4	1	?	?
1969	4	1	?	?
1970	4	1	?	?
1971	8	1	?	?
1972	4	1	?	?
1973	8	1	?	?
1974	4	1	?	?
1975	1	1	?	?
1976	8	1	?	?
1977	4	1	?	?
1978	4	1	?	?
1979	4	1	?	?
1980	8	1	?	?
1981	4	1	?	?
1982	8	1	?	?
1983	4	1	?	?
1984	1	1	?	?
1985	8	1	?	?
1986	4	1	?	?
1987	4	1	?	?
1988	4	1	?	?
1989	8	1	?	?
1990	4	1	?	?
1991	8	1	?	?
1992	4	1	?	?
1993	1	1	?	?
1994	8	1	?	?
1995	4	1	?	?
1996	4	1	?	?
1997	4	1	?	?
1998	8	1	?	?
1999	4	1	?	?
2000	8	1	?	?
2001	4	1	?	?
2002	1	1	?	?
2003	8	1	?	?
2004	4	1	?	?
2005	4	1	?	?
2006	4	1	?	?
2007	8	1	?	?
2008	4	1	?	?
2009	8	1	?	?
2010	4	1	?	?
2011	1	1	?	?
2012	8	1	?	?
2013	4	1	?	?
2014	4	1	?	?
2015	4	1	?	?
2016	8	1	?	?
2017	4	1	?	?
2018	8	1	?	?
2019	4	1	?	?
2020	1	1	?	?
2021	8	1	?	?
2022	4	1	?	?
2023	4	1	?	?
2024	4	1	?	?
2025	8	1	?	?
2026	4	1	?	?
2027	8	1	?	?
2028	4	1	?	?
2029	1	1	?	?
2030	8	1	?	?
2031	4	1	?	?
2032	4	1	?	?
2033	4	1	?	?
2034	8	1	?	?
2035	4	1	?	?
2036	8	1	?	?
2037	4	1	?	?
2038	1	1	?	?
2039	8	1	?	?
2040	4	1	?	?
2041	4	1	?	?
2042	4	1	?	?
2043	8	1	?	?
2044	4	1	?	?
2045	8	1	?	?
2046	4	1	?	?
2047	1	1	?	?
2048	8	1	?	?
2049	4	1	?	?
2050	4	1	?	?
2051	4	1	?	?
2052	8	1	?	?
2053	4	1	?	?
2054	8	1	?	?
2055	4	1	?	?
2056	1	1	?	?
2057	8	1	?	?
2058	4	1	?	?
2059	4	1	?	?
2060	4	1	?	?
2061	8	1	?	?
2062	4	1	?	?
2063	8	1	?	?
2064	4	1	?	?
2065	1	1	?	?
2066	8	1	?	?
2067	4	1	?	?
2068	4	1	?	?
2069	4	1	?	?
2070	8	1	?	?
2071	4	1	?	?
2072	8	1	?	?
2073	4	1	?	?
2074	1	1	?	?
2075	8	1	?	?
2076	4	1	?	?
2077	4	1	?	?
2078	4	1	?	?
2079	8	1	?	?
2080	4	1	?	?
2081	8	1	?	?
2082	4	1	?	?
2083	1	1	?	?
2084	8	1	?	?
2085	4	1	?	?
2086	4	1	?	?
2087	4	1	?	?
2088	8	1	?	?
2089	4	1	?	?
2090	8	1	?	?
2091	4	1	?	?
2092	1	1	?	?
2093	8	1	?	?
2094	4	1	?	?
2095	4	1	?	?
2096	4	1	?	?
2097	8	1	?	?
2098	4	1	?	?
2099	8	1	?	?
2100	4	1	?	?
2101	1	1	?	?
2102	8	1	?	?
2103	4	1	?	?
2104	4	1	?	?
2105	4	1	?	?
2106	8	1	?	?
2107	4	1	?	?
2108	8	1	?	?
2109	4	1	?	?
2110	1	1	?	?
2111	8	1	?	?
2112	4	1	?	?
2113	4	1	?	?
2114	4	1	?	?
2115	8	1	?	?
2116	4	1	?	?
2117	8	1	?	?
2118	4	1	?	?
2119	1	1	?	?
2120	8	1	?	?
2121	4	1	?	?
2122	4	1	?	?
2123	4	1	?	?
2124	8	1	?	?
2125	4	1	?	?
2126	8	1	?	?
2127	4	1	?	?
2128	1	1	?	?
2129	8	1	?	?
2130	4	1	?	?
2131	4	1	?	?
2132	4	1	?	?
2133	8	1	?	?
2134	4	1	?	?
2135	8	1	?	?
2136	4	1	?	?
2137	1	1	?	?
2138	8	1	?	?
2139	4	1	?	?
2140	4	1	?	?
2141	4	1	?	?
2142	8	1	?	?
2143	4	1	?	?
2144	8	1	?	?
2145	4	1	?	?
2146	1	1	?	?
2147	8	1	?	?
2148	4	1	?	?
2149	4	1	?	?
2150	4	1	?	?
2151	8	1	?	?
2152	4	1	?	?
2153	8	1	?	?
2154	4	1	?	?
2155	1	1	?	?
2156	8	1	?	?
2157	4	1	?	?
2158	4	1	?	?
2159	4	1	?	?
2160	8	1	?	?
2161	4	1	?	?
2162	8	1	?	?
2163	4	1	?	?
2164	1	1	?	?
2165	8	1	?	?
2166	4	1	?	?
2167	4	1	?	?
2168	4	1	?	?
2169	8	1	?	?
2170	4	1	?	?
2171	8	1	?	?
2172	4	1	?	?
2173	1	1	?	?
2174	8	1	?	?
2175	4	1	?	?
2176	4	1	?	?
2177	4	1	?	?
2178	8	1	?	?
2179	4	1	?	?
2180	8	1	?	?
2181	4	1	?	?
2182	1	1	?	?
2183	8	1	?	?
2184	4	1	?	?
2185	4	1	?	?
2186	4	1	?	?
2187	8	1	?	?
2188	4	1	?	?
2189	8	1	?	?
2190	4	1	?	?
2191	1	1	?	?
2192	8	1	?	?
2193	4	1	?	?
2194	4	1	?	?
2195	4	1	?	?
2196	8	1	?	?
2197	4	1	?	?
2198	8	1	?	?
2199	4	1	?	?
2200	1	1	?	?
2201	8	1	?	?
2202	4	1	?	?
2203	4	1	?	?
2204	4	1	?	?
2205	8	1	?	?
2206	4	1	?	?
2207	8	1	?	?
2208	4	1	?	?
2209	1	1	?	?
2210	8	1	?	?
2211	4	1	?	?
2212	4	1	?	?
2213	4	1	?	?
2214	8	1	?	?
2215	4	1	?	?
2216	8	1	?	?
2217	4	1	?	?
2218	1	1	?	?
2219	8	1	?	?
2220	4	1	?	?
2221	4	1	?	?
2222	4	1	?	?
2223	8	1	?	?
2224	4	1	?	?
2225	8	1	?	?
2226	4	1	?	?
2227	1	1	?	?
2228	8	1	?	?
2229	4	1	?	?
2230	4	1	?	?
2231	4	1	?	?
2232	8	1	?	?
2233	4	1	?	?
2234	8	1	?	?
2235	4	1	?	?
2236	1	1	?	?
2237	8	1	?	?
2238	4	1	?	?
2239	4	1	?	?
2240	4	1	?	?
2241	8	1	?	?
2242	4	1	?	?
2243	8	1	?	?
2244	4	1	?	?
2245	1	1	?	?
2246	8	1	?	?
2247	4	1	?	?
2248	4	1	?	?
2249	4	1	?	?
2250	8	1	?	?
2251	4	1	?	?
2252	8	1	?	?
2253	4	1	?	?
2254	1	1	?	?
2255	8	1	?	?
2256	4	1	?	?
2257	4	1	?	?
2258	4	1	?	?
2259	8	1	?	?
2260	4	1	?	?
2261	8	1	?	?
2262	4	1	?	?
2263	1	1	?	?
2264	8	1	?	?
2265	4	1	?	?
2266	4	1	?	?
2267	4	1	?	?
2268	8	1	?	?
2269	4	1	?	?
2270	8	1	?	?
2271	4	1	?	?
2272	1	1	?	?
2273	8	1	?	?
2274	4	1	?	?
2275	4	1	?	?
2276	4	1	?	?
2277	8	1	?	?
2278	4	1	?	?
2279	8	1	?	?
2280	4	1	?	?
2281	1	1	?	?
2282	8	1	?	?
2283	4	1	?	?
2284	4	1	?	?
2285	4	1	?	?
2286	8	1	?	?
2287	4	1	?	?
2288	8	1	?	?
2289	4	1	?	?
2290	1	1	?	?
2291	8	1	?	?
2292	4	1	?	?
2293	4	1	?	?
2294	4	1	?	?
2295	8	1	?	?
2296	4	1	?	?
2297	8	1	?	?
2298	4	1	?	?
2299	1	1	?	?
2300	8	1	?	?
2301	4	1	?	?
2302	4	1	?	?
2303	4	1	?	?
2304	8	1	?	?
2305	4	1	?	?
2306	8	1	?	?
2307	4	1	?	?
2308	1	1	?	?
2309	8	1	?	?
2310	4	1	?	?
2311	4	1	?	?
2312	4	1	?	?
2313	8	1	?	?
2314	4	1	?	?
2315	8	1	?	?
2316	4	1	?	?
2317	1	1	?	?
2318	8	1	?	?
2319	4	1	?	?
2320	4	1	?	?
2321	4	1	?	?
2322	8	1	?	?
2323	4	1	?	?
2324	8	1	?	?
2325	4	1	?	?
2326	1	1	?	?
2327	8	1	?	?
2328	4	1	?	?
2329	4	1	?	?
2330	4	1	?	?
2331	8	1	?	?
2332	4	1	?	?
2333	8	1	?	?
2334	4	1	?	?
2335	1	1	?	?
2336	8	1	?	?
2337	4	1	?	?
2338	4	1	?	?
2339	4	1	?	?
2340	8	1	?	?
2341	4	1	?	?
2342	8	1	?	?
2343	4	1	?	?
2344	1	1	?	?
2345	8	1	?	?
2346	4	1	?	?
2347	4	1	?	?
2348	4	1	?	?
2349	8	1	?	?
2350	4	1	?	?
2351	8	1	?	?
2352	4	1	?	?
2353	1	1	?	?
2354	8	1	?	?
2355	4	1	?	?
2356	4	1	?	?
2357	4	1	?	?
2358	8	1	?	?
2359	4	1	?	?
2360	8	1	?	?
2361	4	1	?	?
2362	1	1	?	?
2363	8	1	?	?
2364	4	1	?	?
2365	4	1	?	?
2366	4	1	?	?
2367	8	1	?	?
2368	4	1	?	?
2369	8	1	?	?
2370	4	1	?	?
2371	1	1	?	?
2372	8	1	?	?
2373	4	1	?	?
2374	4	1	?	?
2375	4	1	?	?
2376	8	1	?	?
2377	4	1	?	?
2378	8	1	?	?
2379	4	1	?	?
2380	1	1	?	?
2381	8	1	?	?
2382	4	1	?	?
2383	4	1	?	?
2384	4	1	?	?
2385	8	1	?	?
2386	4	1	?	?
2387	8	1	?	?
2388	4	1	?	?
2389	1	1	?	?
2390	8	1	?	?
2391	4	1	?	?
2392	4	1	?	?
2393	4	1	?	?
2394	8	1	?	?
2395	4	1	?	?
2396	8	1	?	?
2397	4	1	?	?
2398	1	1	?	?
2399	8	1	?	?
2400	4	1	?	?
2401	4	1	?	?
2402	4	1	?	?
2403	8	1	?	?
2404	4	1	?	?
2405	8	1	?	?
2406	4	1	?	?
2407	1	1	?	?
2408	8	1	?	?
2409	4	1	?	?
2410	4	1	?	?
2411	4	1	?	?
2412	8	1	?	?
2413	4	1	?	?
2414	8	1	?	?
2415	4	1	?	?
2416	1	1	?	?
2417	8	1	?	?
2418	4	1	?	?
2419	4	1	?	?
2420	4	1	?	?
2421	8	1	?	?
2422	4	1	?	?
2423	8	1	?	?
2424	4	1	?	?
2425	1	1	?	?
2426	8	1	?	?
2427	4	1	?	?
2428	4	1	?	?
2429	4	1	?	?
2430	8	1	?	?
2431	4	1	?	?
2432	8	1	?	?
2433	4	1	?	?
2434	1	1	?	?
2435	8	1	?	?
2436	4	1	?	?
2437	4	1	?	?
2438	4	1	?	?
2439	8	1	?	?
2440	4	1	?	?
2441	8	1	?	?
2442	4	1	?	?
2443	1	1	?	?
2444	8	1	?	?
2445	4	1	?	?
2446	4	1	?	?
2447	4	1	?	?
2448	8	1	?	?
2449	4	1	?	?
2450	8	1	?	?
2451	4	1	?	?
2452	1	1	?	?
2453	8	1	?	?
2454	4	1	?	?
2455	4	1	?	?
2456	4	1	?	?
2457	8	1	?	?
2458	4	1	?	?
2459	8	1	?	?
2460	4	1	?	?
2461	1	1	?	?
2462	8	1	?	?
2463	4	1	?	?
2464	4	1	?	?
2465	4	1	?	?
2466	8	1	?	?
2467	4	1	?	?
2468	8	1	?	?
2469	4	1	?	?
2470	1	1	?	?
2471	8	1	?	?
2472	4	1	?	?
2473	4	1	?	?
2474	4	1	?	?
2475	8	1	?	?
2476	4	1	?	?
2477	8	1	?	?
2478	4	1	?	?
2479	1	1	?	?
2480	8	1	?	?
2481	4	1	?	?
2482	4	1	?	?
2483	4	1	?	?
2484	8	1	?	?
2485	4	1	?	?
2486	8	1	?	?
2487	4	1	?	?
2488	1	1	?	?
2489	8	1	?	?
2490	4	1	?	?
2491	4	1	?	?
2492	4	1	?	?
2493	8	1	?	?
2494	4	1	?	?
2495	8	1	?	?
2496	4	1	?	?
2497	1	1	?	?
2498	8	1	?	?
2499	4	1	?	?
2500	4	1	?	?
2501	4	1	?	?
2502	8	1	?	?
2503	4	1	?	?
2504	8	1	?	?
2505	4	1	?	?
2506	1	1	?	?
2507	8	1	?	?
2508	4	1	?	?
2509	4	1	?	?
2510	4	1	?	?
2511	8	1	?	?
2512	4	1	?	?
2513	8	1	?	?
2514	4	1	?	?
2515	1	1	?	?
2516	8	1	?	?
2517	4	1	?	?
2518	4	1	?	?
2519	4	1	?	?
2520	8	1	?	?
2521	4	1	?	?
2522	8	1	?	?
2523	4	1	?	?
2524	1	1	?	?
2525	8	1	?	?
2526	4	1	?	?
2527	4	1	?	?
2528	4	1	?	?
2529	8	1	?	?
2530	4	1	?	?
2531	8	1	?	?
2532	4	1	?	?
2533	1	1	?	?
2534	8	1	?	?
2535	4	1	?	?
2536	4	1	?	?
2537	4	1	?	?
2538	8	1	?	?
2539	4	1	?	?
2540	8	1	?	?
2541	4	1	?	?
2542	1	1	?	?
2543	8	1	?	?
2544	4	1	?	?
2545	4	1	?	?
2546	4	1	?	?
2547	8	1	?	?
2548	4	1	?	?
2549	8	1	?	?
2550	4	1	?	?
2551	1	1	?	?
2552	8	1	?	?
2553	4	1	?	?
2554	4	1	?	?
2555	4	1	?	?
2556	8	1	?	?
2557	4	1	?	?
2558	8	1	?	?
2559	4	1	?	?
2560	1	1	?	?
2561	8	1	?	?
2562	4	1	?	?
2563	4	1	?	?
2564	4	1	?	?
2565	8	1	?	?
2566	4	1	?	?
2567	8	1	?	?
2568	4	1	?	?
2569	1	1	?	?
2570	8	1	?	?
2571	4	1	?	?
2572	4	1	?	?
2573	4	1	?	?
2574	8	1	?	?
2575	4	1	?	?
2576	8	1	?	?
2577	4	1	?	?
2578	1	1	?	?
2579	8	1	?	?
2580	4	1	?	?
2581	4	1	?	?
2582	4	1	?	?
2583	8	1	?	?
2584	4	1	?	?
2585	8	1	?	?
2586	4	1	?	?
2587	1	1	?	?
2588	8	1	?	?
2589	4	1	?	?
2590	4	1	?	?
2591	4	1	?	?
2592	8	1	?	?
2593	4	1	?	?
2594	8	1	?	?
2595	4	1	?	?
2596	1	1	?	?
2597	8	1	?	?
2598	4	1	?	?
2599	4	1	?	?
2600	4	1	?	?
2601	8	1	?	?
2602	4	1	?	?
2603	8	1	?	?
2604	4	1	?	?
2605	1	1	?	?
2606	8	1	?	?
2607	4	1	?	?
2608	4	1	?	?
2609	4	1	?	?
2610	8	1	?	?
2611	4	1	?	?
2612	8	1	?	?
2613	4	1	?	?
